id,name,first_name,last_name,birth_year,birth_location,death_year,death_location,nationality,gender,sector,media,profile_link,ranking
249848,Pacita Abad,Pacita,Abad,1946.0,(PH),2004.0,(SG),Philippines,f,Contemporary,Painting,https://artfacts.net/artist/pacita-abad/249848,"Top 10,000"
175899,Mariam Abdel Aleem,Mariam,Abdel Aleem,1930.0,,2010.0,,Egypt,f,Post-War,,https://artfacts.net/artist/mariam-abdel-aleem/175899,"Top 10,000"
537389,Angelo Accardi,Angelo,Accardi,1964.0,Sapri,,,,m,Contemporary,,https://artfacts.net/artist/angelo-accardi/537389,"Top 100,000"
609691,Tunji Adeniyi-Jones,Tunji,Adeniyi-Jones,1992.0,London (UK),,,United Kingdom,m,Ultra-Contemporary,Painting,https://artfacts.net/artist/tunji-adeniyi-jones/609691,"Top 10,000"
123389,Etel Adnan,Etel,Adnan,1925.0,Beirut (LB),2021.0,Paris,"['United States', 'Lebanon']",f,Post-War,Painting,https://artfacts.net/artist/etel-adnan/123389,Top 100
583513,Sandy Adsett,Sandy,Adsett,1939.0,Wairoa,,,New Zealand,,Post-War,,https://artfacts.net/artist/sandy-adsett/583513,"Top 10,000"
70626,Affandi,,Affandi,1907.0,"Cirebon, West Java (ID)",1990.0,,Indonesia,m,Modern,Painting,https://artfacts.net/artist/affandi/70626,"Top 10,000"
136125,Inji Aflatoun,Inji,Aflatoun,1924.0,,1989.0,,Egypt,f,Post-War,Painting,https://artfacts.net/artist/inji-aflatoun/136125,"Top 10,000"
536500,Zubeida Agha,Zubeida,Agha,1922.0,,1997.0,,Pakistan,f,Post-War,Painting,https://artfacts.net/artist/zubeida-agha/536500,"Top 10,000"
774125,Agnes?,,Agnes?,1995.0,Rome,,,Italy,f,Ultra-Contemporary,,https://artfacts.net/artist/agnes/774125,"Top 10,000"
329157,Shahjahan Ahmed Bikash,Shahjahan,Ahmed Bikash,,Dhaka,,,Bangladesh,m,,,https://artfacts.net/artist/shahjahan-ahmed-bikash/329157,"Top 100,000"
189768,Irwan Ahmett,Irwan,Ahmett,,,,,,,,,https://artfacts.net/artist/irwan-ahmett/189768,"Top 10,000"
195551,John Akomfrah,John,Akomfrah,1957.0,Accra (GH),,,"['United Kingdom', 'Ghana']",m,Contemporary,Film,https://artfacts.net/artist/john-akomfrah/195551,"Top 1,000"
461492,Ishola Akpo,Ishola,Akpo,1983.0,,,,,,Ultra-Contemporary,,https://artfacts.net/artist/ishola-akpo/461492,"Top 10,000"
493469,Alia Al Farsi,Alia,Al Farsi,,"Muscat, Oman",,,Oman,f,,Painting,https://artfacts.net/artist/alia-al-farsi/493469,"Top 10,000"
93491,Mounira Al Solh,Mounira,Al Solh,1978.0,Beirut (LB),,,Lebanon,f,Ultra-Contemporary,"Painting, Photography, Time-Based Media",https://artfacts.net/artist/mounira-al-solh/93491,"Top 1,000"
126749,Dia Al-Azzawi,Dia,Al-Azzawi,1939.0,Baghdad (IQ),,,Iraq,m,Post-War,Painting,https://artfacts.net/artist/dia-al-azzawi/126749,"Top 10,000"
169770,Manal Al-Dowayan,Manal,Al-Dowayan,1973.0,,,,Saudi Arabia,f,Contemporary,,https://artfacts.net/artist/manal-al-dowayan/169770,"Top 10,000"
126705,Rafa Al-Nasiri,Rafa,Al-Nasiri,1940.0,Tekrit (IQ),2013.0,,Iraq,m,Post-War,Painting,https://artfacts.net/artist/rafa-al-nasiri/126705,"Top 10,000"
140031,Rashad Alakbarov,Rashad,Alakbarov,1979.0,Baku (AZ),,,Azerbaijan,m,Ultra-Contemporary,,https://artfacts.net/artist/rashad-alakbarov/140031,"Top 10,000"
956357,Claudia Alarcón,Claudia,Alarcón,,,,,,f,,,https://artfacts.net/artist/claudia-alarcon/956357,"Top 10,000"
55199,Brooke Alfaro,Brooke,Alfaro,1949.0,Panama City (PA),,,Panama,m,Contemporary,"Painting, Time-Based Media",https://artfacts.net/artist/brooke-alfaro/55199,"Top 10,000"
16098,Tarsila do Amaral,Tarsila do,Amaral,1886.0,Capivari (BR),1973.0,"São Paulo, SP (BR)",Brazil,f,Modern,Painting,https://artfacts.net/artist/tarsila-do-amaral/16098,"Top 10,000"
78073,Olga de Amaral,Olga de,Amaral,1932.0,Bogotá (CO),,,Colombia,f,Post-War,Textile Art/Fiber Art,https://artfacts.net/artist/olga-de-amaral/78073,"Top 10,000"
396728,Giulia Andreani,Giulia,Andreani,1985.0,Venice,,,Italy,f,Ultra-Contemporary,,https://artfacts.net/artist/giulia-andreani/396728,"Top 10,000"
34903,Claudia Andujar,Claudia,Andujar,1931.0,Neuchâtel (CH),,,Brazil,f,Post-War,Photography,https://artfacts.net/artist/claudia-andujar/34903,"Top 1,000"
207485,Iván Argote,Iván,Argote,1983.0,Bogotá (CO),,,Colombia,m,Ultra-Contemporary,,https://artfacts.net/artist/ivan-argote/207485,"Top 1,000"
457584,Karimah Ashadu,Karimah,Ashadu,1985.0,London (UK),,,"['United Kingdom', 'Nigeria']",f,Ultra-Contemporary,,https://artfacts.net/artist/karimah-ashadu/457584,"Top 10,000"
346489,Matthew Attard,Matthew,Attard,1987.0,,,,['Malta'],m,Ultra-Contemporary,,https://artfacts.net/artist/matthew-attard/346489,"Top 10,000"
459228,Dana Awartani,Dana,Awartani,1987.0,"Jeddah, Saudi Arabia",,,Saudi Arabia,f,Ultra-Contemporary,"Painting, Sculpture, Installation Art, Performance/Happening",https://artfacts.net/artist/dana-awartani/459228,"Top 10,000"
568027,Ochirbold Ayurzana,Ochirbold,Ayurzana,1976.0,Sukhbaatar province,,,Mongolia,m,Ultra-Contemporary,,https://artfacts.net/artist/ochirbold-ayurzana/568027,"Top 10,000"
472927,Margarita Azurdia,Margarita,Azurdia,1931.0,Antigua Guatemala,1998.0,Guatemala City,Guatemala,f,Post-War,,https://artfacts.net/artist/margarita-azurdia/472927,"Top 10,000"
1003209,BREAKFAST,,BREAKFAST,,1980,,,['United States'],m,Ultra-Contemporary,"Kinetic art, Digital Art, New Media Art",https://artfacts.net/artist/breakfast/1003209,"Top 10,000"
558210,Leilah Babirye,Leilah,Babirye,1985.0,Kampala,,,Uganda,f,Ultra-Contemporary,"Sculpture, Ceramic Art",https://artfacts.net/artist/leilah-babirye/558210,"Top 10,000"
93968,Líbero Badii,Líbero,Badii,1916.0,,2001.0,,Argentina,m,Post-War,Sculpture,https://artfacts.net/artist/libero-badii/93968,"Top 10,000"
342728,Darja Bajagic,Darja,Bajagic,1990.0,Podgorica (ME),,,Montenegro,f,Ultra-Contemporary,,https://artfacts.net/artist/darja-bajagic/342728,"Top 10,000"
703813,Denilson Baniwa,Denilson,Baniwa,1984.0,Amazonia,,,Brazil,m,Ultra-Contemporary,,https://artfacts.net/artist/denilson-baniwa/703813,"Top 10,000"
818893,Ezekiel Baroukh,Ezekiel,Baroukh,1909.0,,1984.0,,,m,Modern,,https://artfacts.net/artist/ezekiel-baroukh/818893,"Top 10,000"
10431,Yael Bartana,Yael,Bartana,1970.0,Afula (IL),,,Israel,f,Contemporary,"Photography, Time-Based Media, Video installation, Installation Art, Film Director",https://artfacts.net/artist/yael-bartana/10431,"Top 1,000"
1897,Massimo Bartolini,Massimo,Bartolini,1962.0,Cecina (IT),,,Italy,m,Contemporary,"Photography, Sculpture, Performance/Happening",https://artfacts.net/artist/massimo-bartolini/1897,"Top 10,000"
262828,Baya,,Baya,1931.0,Bordj El Kiffan (DZ),1998.0,,Algeria,f,Post-War,Painting,https://artfacts.net/artist/baya/262828,"Top 10,000"
165181,Zanny Begg,Zanny,Begg,1972.0,,,,['Australia'],f,Contemporary,,https://artfacts.net/artist/zanny-begg/165181,"Top 10,000"
626311,Moufouli Bello,Moufouli,Bello,,,,,Benin,f,,,https://artfacts.net/artist/moufouli-bello/626311,"Top 10,000"
37143,Semiha Berksoy,Semiha,Berksoy,1910.0,Cengelkoy (TR),2004.0,Istanbul (TR),Turkey,f,Modern,Painting,https://artfacts.net/artist/semiha-berksoy/37143,"Top 10,000"
12144,Gianni Bertini,Gianni,Bertini,1922.0,Pisa (IT),2010.0,,Italy,m,Post-War,Painting,https://artfacts.net/artist/gianni-bertini/12144,"Top 10,000"
24424,Ursula Biemann,Ursula,Biemann,1955.0,"Zürich, ZH (CH)",,,Switzerland,f,Contemporary,Time-Based Media,https://artfacts.net/artist/ursula-biemann/24424,"Top 1,000"
590285,Yuri Biley,Yuri,Biley,1988.0,Uzhhorod,,,Ukraine,m,Ultra-Contemporary,,https://artfacts.net/artist/yuri-biley/590285,"Top 10,000"
188727,Hildigunnur Birgisdóttir,Hildigunnur,Birgisdóttir,1980.0,"Reykjavík, IS",,,Iceland,f,Ultra-Contemporary,,https://artfacts.net/artist/hildigunnur-birgisdottir/188727,"Top 10,000"
918250,Djonga Bismar,Djonga,Bismar,,,,,,,,,https://artfacts.net/artist/djonga-bismar/918250,"Top 10,000"
23328,Black Audio Film Collective,,Black Audio Film Collective,1983.0,,1998.0,,United Kingdom,g,Ultra-Contemporary,Film,https://artfacts.net/artist/black-audio-film-collective/23328,"Top 10,000"
6959,Lina Bo Bardi,Lina,Bo Bardi,1914.0,Roma (IT),1992.0,Sao Paulo (BR),Italy,f,Post-War,"Design, Architecture",https://artfacts.net/artist/lina-bo-bardi/6959,"Top 10,000"
24680,Maria Bonomi,Maria,Bonomi,1935.0,"Meina, NO (IT)",,,Brazil,f,Post-War,Works on Paper,https://artfacts.net/artist/maria-bonomi/24680,"Top 10,000"
930140,Sónia Vaz Borges,Sónia Vaz,Borges,,,,,,f,,,https://artfacts.net/artist/sonia-vaz-borges/930140,"Top 10,000"
1225,Julia Bornefeld,Julia,Bornefeld,1963.0,"Kiel, Holstein, SH (DE)",,,Germany,f,Contemporary,"Painting, Sculpture",https://artfacts.net/artist/julia-bornefeld/1225,"Top 10,000"
992527,Alexandra Bravo,Alexandra,Bravo,1950.0,,,,Bolivia,f,Contemporary,,https://artfacts.net/artist/alexandra-bravo/992527,"Top 10,000"
23748,Victor Brecheret,Victor,Brecheret,1894.0,"Farnese, Viterbo (IT)",1955.0,"São Paulo, SP (BR)","['Italy', 'Brazil']",m,Modern,Sculpture,https://artfacts.net/artist/victor-brecheret/23748,"Top 10,000"
833698,Kateryna Buchatska,Kateryna,Buchatska,1987.0,Kyiv,,,Ukraine,f,Ultra-Contemporary,"Sculpture, Installation Art",https://artfacts.net/artist/kateryna-buchatska/833698,"Top 10,000"
274124,Alexander Burlaka,Alexander,Burlaka,1982.0,Kyiv,,,Ukraine,m,Ultra-Contemporary,"Photography, Installation Art, Architecture",https://artfacts.net/artist/alexander-burlaka/274124,"Top 10,000"
578533,Krasimira Butseva,Krasimira,Butseva,1994.0,,,,Bulgaria,f,Ultra-Contemporary,,https://artfacts.net/artist/krasimira-butseva/578533,"Top 10,000"
59638,Huguette Caland,Huguette,Caland,1931.0,"Beirut, LB",2019.0,"Beirut, LB",Lebanon,f,Post-War,Textile Art/Fiber Art,https://artfacts.net/artist/huguette-caland/59638,"Top 10,000"
286015,Sol Calero,Sol,Calero,1982.0,Caracas (VE),,,['Venezuela'],f,Ultra-Contemporary,,https://artfacts.net/artist/sol-calero/286015,"Top 10,000"
492778,Seba Calfuqueo,Seba,Calfuqueo,1991.0,Santiago de Chile (CL),,,['Chile'],n,Ultra-Contemporary,"Performance/Happening, Ceramic Art, Video installation, Photography, Installation Art, Video",https://artfacts.net/artist/seba-calfuqueo/492778,"Top 10,000"
845926,Simone Cangelosi,Simone,Cangelosi,,,,,,f,,,https://artfacts.net/artist/simone-cangelosi/845926,"Top 100,000"
73613,Eduardo Cardozo,Eduardo,Cardozo,1965.0,Montevideo (UY),,,Uruguay,m,Contemporary,,https://artfacts.net/artist/eduardo-cardozo/73613,"Top 10,000"
597354,Patrizia Casagranda,Patrizia,Casagranda,1979.0,Stuttgart,,,['Germany'],f,Ultra-Contemporary,Mixed Media,https://artfacts.net/artist/patrizia-casagranda/597354,"Top 10,000"
670886,Cesare Catania,Cesare,Catania,1979.0,,,,[],m,Ultra-Contemporary,"Painting, Sculpture",https://artfacts.net/artist/cesare-catania/670886,"Top 10,000"
1899,Maurizio Cattelan,Maurizio,Cattelan,1960.0,"Padova, PD (IT)",,,Italy,m,Contemporary,"Sculpture, Installation Art",https://artfacts.net/artist/maurizio-cattelan/1899,"Top 1,000"
523186,Elda Cerrato,Elda,Cerrato,1930.0,Asti (IT),,,Italy,f,Post-War,,https://artfacts.net/artist/elda-cerrato/523186,"Top 10,000"
353487,Kombo Chapfika,Kombo,Chapfika,,Harare,,,Zimbabwe,,,,https://artfacts.net/artist/kombo-chapfika/353487,"Top 100,000"
999373,Mohammed Chebaa,Mohammed,Chebaa,,,,,,m,,,https://artfacts.net/artist/mohammed-chebaa/999373,"Top 100,000"
916281,Julian Chehirian,Julian,Chehirian,,"Brooklyn, NY",,,United States,m,,,https://artfacts.net/artist/julian-chehirian/916281,"Top 10,000"
47311,Georgette Chen,Georgette,Chen,1907.0,Zejiang Province (CN),1993.0,Singapore (SG),China,,Modern,,https://artfacts.net/artist/georgette-chen/47311,"Top 10,000"
938818,Ryan Chetty,Ryan,Chetty,,,,,Seychelles,m,,,https://artfacts.net/artist/ryan-chetty/938818,"Top 10,000"
779398,Haji Chilonga,Haji,Chilonga,1969.0,,,,Tanzania,,Contemporary,,https://artfacts.net/artist/haji-chilonga/779398,"Top 100,000"
66135,Galileo Chini,Galileo,Chini,1873.0,"Firenze, FI (IT)",1956.0,"Firenze, FI (IT)",Italy,m,Impressionists and Post-Impressionistis,Painting,https://artfacts.net/artist/galileo-chini/66135,"Top 10,000"
220709,Kudzanai Chiurai,Kudzanai,Chiurai,1981.0,Harare,,,Zimbabwe,m,Ultra-Contemporary,Photography,https://artfacts.net/artist/kudzanai-chiurai/220709,"Top 10,000"
419574,Isaac Chong Wai,Isaac,Chong Wai,1990.0,Guangdong (CN),,,China,m,Ultra-Contemporary,,https://artfacts.net/artist/isaac-chong-wai/419574,"Top 10,000"
175940,Saloua Raouda Choucair,Saloua Raouda,Choucair,1916.0,Beirut (LB),,,Lebanon,f,Post-War,"Painting, Sculpture",https://artfacts.net/artist/saloua-raouda-choucair/175940,"Top 10,000"
371399,Chaouki Choukini,Chaouki,Choukini,1946.0,,,,,,Contemporary,Sculpture,https://artfacts.net/artist/chaouki-choukini/371399,"Top 10,000"
47313,Chua Mia Tee,,Chua Mia Tee,1931.0,"Shantou, Guangdong province (CN)",,,China,,Post-War,,https://artfacts.net/artist/chua-mia-tee/47313,"Top 10,000"
807937,Manauara Clandestina,Manauara,Clandestina,1992.0,"Belém, Pará",,,Brazil,f,Ultra-Contemporary,,https://artfacts.net/artist/manauara-clandestina/807937,"Top 10,000"
799230,River Claure,River,Claure,,,,,,m,,,https://artfacts.net/artist/river-claure/799230,"Top 10,000"
1002060,Elena Izcue Cobián,Elena Izcue,Cobián,,,,,,f,,,https://artfacts.net/artist/elena-izcue-cobian/1002060,"Top 100,000"
32966,Julia Codesido,Julia,Codesido,1892.0,,1979.0,,Peru,f,Modern,Painting,https://artfacts.net/artist/julia-codesido/32966,"Top 10,000"
999374,Pilot Tv Collective,Pilot Tv,Collective,,,,,,,,,https://artfacts.net/artist/pilot-tv-collective/999374,"Top 100,000"
118635,Liz Collins,Liz,Collins,1968.0,,,,United States,f,Contemporary,"Photography, Design",https://artfacts.net/artist/liz-collins/118635,"Top 10,000"
99163,Jaime Colson,Jaime,Colson,1901.0,,1975.0,,Dominican Republic,m,Modern,Painting,https://artfacts.net/artist/jaime-colson/99163,"Top 100,000"
4660,Aloïse Corbaz,Aloïse,Corbaz,1886.0,Lausanne (CH),1964.0,Gimel (CH),Switzerland,f,Modern,Works on Paper,https://artfacts.net/artist/aloise-corbaz/4660,"Top 10,000"
33147,Waldemar Cordeiro,Waldemar,Cordeiro,1925.0,Roma (IT),1973.0,"São Paulo, SP (BR)",Brazil,m,Post-War,"Painting, New Media Art",https://artfacts.net/artist/waldemar-cordeiro/33147,"Top 10,000"
417288,Monika Correa,Monika,Correa,1938.0,,,,India,f,Post-War,,https://artfacts.net/artist/monika-correa/417288,"Top 10,000"
434377,Beatriz Cortez,Beatriz,Cortez,1970.0,,,,"['United States', 'El Salvador']",f,Contemporary,,https://artfacts.net/artist/beatriz-cortez/434377,"Top 10,000"
33211,Olga Costa,Olga,Costa,1913.0,Leipzig (DE),1993.0,Guanajuato (MX),Mexico,f,Post-War,Painting,https://artfacts.net/artist/olga-costa/33211,"Top 10,000"
39742,Miguel Covarrubias,Miguel,Covarrubias,1904.0,Mexico City (MX),1957.0,,Mexico,m,Modern,"Painting, Works on Paper, Mural, Caricature",https://artfacts.net/artist/miguel-covarrubias/39742,"Top 10,000"
26697,Critical Art Ensemble  (CAE),,Critical Art Ensemble  (CAE),1987.0,(US),,,United States,g,Ultra-Contemporary,"New Media Art, Time-Based Media, Installation Art, BioArt, Tactical media",https://artfacts.net/artist/critical-art-ensemble-cae/26697,"Top 10,000"
1002055,Andrés Curruchich,Andrés,Curruchich,,,,,,m,,,https://artfacts.net/artist/andres-curruchich/1002055,"Top 100,000"
786940,Rosa Elena Curruchich,Rosa Elena,Curruchich,1958.0,,2005.0,,Guatemala,f,Contemporary,Painting,https://artfacts.net/artist/rosa-elena-curruchich/786940,"Top 10,000"
1002054,Victor Juan Cúnsolo,Victor Juan,Cúnsolo,,,,,,m,,,https://artfacts.net/artist/victor-juan-cunsolo/1002054,"Top 100,000"
919890,Daniil Revkovsky and Andriy Rachinsky,,Daniil Revkovsky and Andriy Rachinsky,,,,,Ukraine,d,,"Photography, Video, Conceptual Art",https://artfacts.net/artist/daniil-revkovsky-and-andriy-rachinsky/919890,"Top 10,000"
424148,Claudia De Leonardis,Claudia,De Leonardis,,,,,Italy,f,,,https://artfacts.net/artist/claudia-de-leonardis/424148,"Top 100,000"
49798,Filippo De Pisis,Filippo,De Pisis,1896.0,"Ferrara, FE (IT)",1956.0,"Milano, MI (IT)",Italy,m,Modern,Painting,https://artfacts.net/artist/filippo-de-pisis/49798,"Top 10,000"
58730,Pablo Delano,Pablo,Delano,1954.0,Puerto Rico,,Connecticut,,m,Contemporary,,https://artfacts.net/artist/pablo-delano/58730,"Top 10,000"
1002109,Thanassis Deligiannis,Thanassis,Deligiannis,,,,,,,,,https://artfacts.net/artist/thanassis-deligiannis/1002109,"Top 100,000"
980312,Bintou Dembélé,Bintou,Dembélé,1975.0,Brétigny-sur-Orge,,,France,m,Ultra-Contemporary,"Choreography, Dancer",https://artfacts.net/artist/bintou-dembele/980312,"Top 10,000"
29517,Denicolai & Provoost,,Denicolai & Provoost,1997.0,,,,"['Belgium', 'Italy']",d,Ultra-Contemporary,Installation Art,https://artfacts.net/artist/denicolai-provoost/29517,"Top 10,000"
792185,Aleksandar Denić,Aleksandar,Denić,1963.0,Belgrad,,,Serbia,m,Contemporary,,https://artfacts.net/artist/aleksandar-denic/792185,"Top 10,000"
16107,Di Cavalcanti,,Di Cavalcanti,1897.0,"Rio do Janeiro, RJ (BR)",1976.0,"Rio do Janeiro, RJ (BR)",Brazil,m,Modern,Painting,https://artfacts.net/artist/di-cavalcanti/16107,"Top 10,000"
860039,Alioune Diagne,Alioune,Diagne,1985.0,,,,"['France', 'Senegal']",,Ultra-Contemporary,,https://artfacts.net/artist/alioune-diagne/860039,"Top 10,000"
13407,Cícero Dias,Cícero,Dias,1907.0,"Jundiá, PE (BR)",2003.0,Paris (FR),Brazil,m,Modern,Painting,https://artfacts.net/artist/cicero-dias/13407,"Top 10,000"
855440,Giana De Dier,Giana De,Dier,1980.0,"Panama City, Panama",,,['Panama'],f,Ultra-Contemporary,Collage,https://artfacts.net/artist/giana-de-dier/855440,"Top 10,000"
86930,Ndidi Dike,Ndidi,Dike,1960.0,London,,,"['United Kingdom', 'Nigeria']",f,Contemporary,"Painting, Sculpture",https://artfacts.net/artist/ndidi-dike/86930,"Top 10,000"
1002121,Franck Dikisongele,Franck,Dikisongele,,,,,,m,,,https://artfacts.net/artist/franck-dikisongele/1002121,"Top 100,000"
205922,Disobedience Archive,,Disobedience Archive,,,,,,,,,https://artfacts.net/artist/disobedience-archive/205922,"Top 10,000"
945263,Jean Michel Dissake,Jean Michel,Dissake,1983.0,Yaoundé,,,Cameroon,m,Ultra-Contemporary,,https://artfacts.net/artist/jean-michel-dissake/945263,"Top 10,000"
266485,Juana Elena Diz,Juana Elena,Diz,1925.0,,,,,f,Post-War,,https://artfacts.net/artist/juana-elena-diz/266485,"Top 10,000"
570918,Andrii Dostliev,Andrii,Dostliev,1984.0,,,,Ukraine,m,Ultra-Contemporary,,https://artfacts.net/artist/andrii-dostliev/570918,"Top 10,000"
570919,Lia Dostlieva,Lia,Dostlieva,,,,,[],o,Ultra-Contemporary,,https://artfacts.net/artist/lia-dostlieva/570919,"Top 10,000"
136101,Saliba Douaihy,Saliba,Douaihy,1912.0,,1993.0,,,,Post-War,Painting,https://artfacts.net/artist/saliba-douaihy/136101,"Top 10,000"
461863,Dullah,,Dullah,1919.0,,1996.0,,Indonesia,,Post-War,,https://artfacts.net/artist/dullah/461863,"Top 10,000"
40257,Uzo Egonu,Uzo,Egonu,1931.0,Onitsha (NG),1996.0,London (UK),Nigeria,m,Post-War,Printmaking,https://artfacts.net/artist/uzo-egonu/40257,"Top 10,000"
32204,Mohammad Ehsai,Mohammad,Ehsai,1939.0,,,,Iran,m,Post-War,Calligraphy,https://artfacts.net/artist/mohammad-ehsai/32204,"Top 10,000"
126739,Aref El Rayess,Aref,El Rayess,1928.0,"Aley, Mount Lebanon, Lebanon",2004.0,,Lebanon,m,Post-War,"Painting, Works on Paper, Collage, Drawings, Sculpture",https://artfacts.net/artist/aref-el-rayess/126739,"Top 10,000"
180572,Ibrahim El-Salahi,Ibrahim,El-Salahi,1930.0,Omdurman (SD),,,Sudan,m,Post-War,Painting,https://artfacts.net/artist/ibrahim-el-salahi/180572,"Top 10,000"
473315,Irina Eldarova,Irina,Eldarova,1955.0,Moscow (RU),,,Russia,f,Contemporary,,https://artfacts.net/artist/irina-eldarova/473315,"Top 100,000"
86886,Ben Enwonwu,Ben,Enwonwu,1918.0,Onitsha (NG),1994.0,,Nigeria,m,Post-War,"Painting, Sculpture",https://artfacts.net/artist/ben-enwonwu/86886,"Top 10,000"
614,Max Ernst,Max,Ernst,1891.0,"Brühl, Rheinland, NW (DE)",1976.0,Paris (FR),Germany,m,Modern,"Painting, Works on Paper, Sculpture",https://artfacts.net/artist/max-ernst/614,Top 100
100308,Romany Eveleigh,Romany,Eveleigh,1934.0,London,2020.0,,United Kingdom,f,Post-War,,https://artfacts.net/artist/romany-eveleigh/100308,"Top 10,000"
999376,Hamed Ewais,Hamed,Ewais,,,,,,m,,,https://artfacts.net/artist/hamed-ewais/999376,"Top 100,000"
24308,Marcelo Expósito,Marcelo,Expósito,1966.0,Puertollano (ES),,,Spain,m,Contemporary,"Film, Video",https://artfacts.net/artist/marcelo-exposito/24308,"Top 10,000"
1002090,Alma Fakhre,Alma,Fakhre,,,,,"['Lebanon', 'Grenada']",f,,,https://artfacts.net/artist/alma-fakhre/1002090,"Top 100,000"
435433,Franck Fanny,Franck,Fanny,1970.0,,,,Ivory Coast,m,Contemporary,,https://artfacts.net/artist/franck-fanny/435433,"Top 10,000"
1002145,Adham Al Farsi,Adham Al,Farsi,,,,,Oman,m,,,https://artfacts.net/artist/adham-al-farsi/1002145,"Top 100,000"
244912,Simone Fattal,Simone,Fattal,1942.0,"Damascus, Syria",,,Syria,f,Post-War,Painting,https://artfacts.net/artist/simone-fattal/244912,"Top 1,000"
95896,Dumile Feni,Dumile,Feni,1942.0,(ZA),1991.0,,South Africa,m,Post-War,Painting,https://artfacts.net/artist/dumile-feni/95896,"Top 10,000"
957904,Rodrigue de Ferluc,Rodrigue de,Ferluc,,,,,,m,,,https://artfacts.net/artist/rodrigue-de-ferluc/957904,"Top 100,000"
588622,Alessandra Ferrini,Alessandra,Ferrini,1984.0,,,,Italy,f,Ultra-Contemporary,,https://artfacts.net/artist/alessandra-ferrini/588622,"Top 10,000"
219353,Cesare Ferro Milone,Cesare,Ferro Milone,1880.0,Turin (IT),1934.0,,Italy,m,Modern,,https://artfacts.net/artist/cesare-ferro-milone/219353,"Top 100,000"
100679,Claire Fontaine,Claire,Fontaine,2004.0,Paris (FR),,,France,"['f', 'g']",Ultra-Contemporary,"Sculpture, Installation Art",https://artfacts.net/artist/claire-fontaine/100679,"Top 1,000"
48482,Ines Fontenla,Ines,Fontenla,1950.0,Buenos Aires,,,Argentina,f,Contemporary,,https://artfacts.net/artist/ines-fontenla/48482,"Top 10,000"
19823,Raquel Forner,Raquel,Forner,1902.0,Buenos Aires (AR),1988.0,Buenos Aires (AR),Argentina,f,Modern,Painting,https://artfacts.net/artist/raquel-forner/19823,"Top 10,000"
57784,Simone Forti,Simone,Forti,1935.0,Florence (IT),,,United States,f,Post-War,Performance/Happening,https://artfacts.net/artist/simone-forti/57784,"Top 1,000"
576618,Louis Fratino,Louis,Fratino,1993.0,"Annapolis, MD (US)",,,United States,m,Ultra-Contemporary,"Drawings, Printmaking, Lithography",https://artfacts.net/artist/louis-fratino/576618,"Top 10,000"
202786,Danielle Freakley,Danielle,Freakley,1982.0,,,,Australia,f,Ultra-Contemporary,,https://artfacts.net/artist/danielle-freakley/202786,"Top 10,000"
1002153,Vânia Gala,Vânia,Gala,,,,,,,,,https://artfacts.net/artist/vania-gala/1002153,"Top 100,000"
101403,María Galindo,María,Galindo,1964.0,La Paz (BO),,,Bolivia,f,Contemporary,,https://artfacts.net/artist/maria-galindo/101403,"Top 10,000"
36967,Sandra Gamarra,Sandra,Gamarra,1972.0,Lima (PE),,,Peru,f,Contemporary,Painting,https://artfacts.net/artist/sandra-gamarra/36967,"Top 10,000"
34541,Paolo Gasparini,Paolo,Gasparini,1934.0,Gorizia (IT),,,Italy,m,Post-War,Photography,https://artfacts.net/artist/paolo-gasparini/34541,"Top 10,000"
337001,François-Xavier Gbré,François-Xavier,Gbré,1978.0,Lille (FR),,,France,m,Ultra-Contemporary,Photography,https://artfacts.net/artist/francois-xavier-gbre/337001,"Top 10,000"
804463,Juliette George,Juliette,George,1966.0,Paris,,,France,f,Contemporary,,https://artfacts.net/artist/juliette-george/804463,"Top 10,000"
1002105,Michele Gervasuti,Michele,Gervasuti,,,,,,f,,,https://artfacts.net/artist/michele-gervasuti/1002105,"Top 100,000"
504639,Humberto Giangrandi,Humberto,Giangrandi,1943.0,Bologna,,,Italy,m,Post-War,,https://artfacts.net/artist/humberto-giangrandi/504639,"Top 10,000"
664827,Niki Giannari,Niki,Giannari,,,,,,f,,"Time-Based Media, Film",https://artfacts.net/artist/niki-giannari/664827,"Top 100,000"
79913,Jeffrey Gibson,Jeffrey,Gibson,1972.0,"Colorado Springs, CO (US)",,,United States,m,Contemporary,Painting,https://artfacts.net/artist/jeffrey-gibson/79913,"Top 1,000"
4410,Madge Gill,Madge,Gill,1882.0,"London, England (UK)",1961.0,,United Kingdom,f,Modern,Painting,https://artfacts.net/artist/madge-gill/4410,"Top 10,000"
577959,Marlene Gilson,Marlene,Gilson,,,,,,f,,,https://artfacts.net/artist/marlene-gilson/577959,"Top 10,000"
1002104,Joseph Ibongo Gilungula,Joseph Ibongo,Gilungula,,,,,,m,,,https://artfacts.net/artist/joseph-ibongo-gilungula/1002104,"Top 100,000"
625994,Luigi Domenico Gismondi,Luigi Domenico,Gismondi,,,,,,m,,,https://artfacts.net/artist/luigi-domenico-gismondi/625994,"Top 10,000"
13144,Domenico Gnoli,Domenico,Gnoli,1934.0,,1970.0,New York (US),['Italy'],m,Post-War,"Painting, Works on Paper",https://artfacts.net/artist/domenico-gnoli/13144,"Top 10,000"
197922,Gabrielle Goliath,Gabrielle,Goliath,1983.0,Kimberley,,,South Africa,f,Ultra-Contemporary,Performance/Happening,https://artfacts.net/artist/gabrielle-goliath/197922,"Top 10,000"
213669,Sonia Gomes,Sonia,Gomes,1948.0,"Caetanópolis, BR",,,Brazil,f,Contemporary,"Sculpture, Textile Art/Fiber Art, Mixed Media",https://artfacts.net/artist/sonia-gomes/213669,"Top 1,000"
39689,Fred Graham,Fred,Graham,,,,,,m,,,https://artfacts.net/artist/fred-graham/39689,"Top 10,000"
39687,Brett Graham,Brett,Graham,1969.0,"Auckland, Aotearoa (NZ)",,,New Zealand,m,Contemporary,,https://artfacts.net/artist/brett-graham/39687,"Top 10,000"
42917,Enrique Grau,Enrique,Grau,1920.0,Panamá (PA),2004.0,"Santa Fe de Bogotá, DC (CO)",Colombia,m,Post-War,Painting,https://artfacts.net/artist/enrique-grau/42917,"Top 10,000"
107084,Raphaël Grisey,Raphaël,Grisey,1979.0,Les Lilas (FR),,,France,m,Ultra-Contemporary,,https://artfacts.net/artist/raphael-grisey/107084,"Top 10,000"
1002091,The Perceptive Group,The Perceptive,Group,,,,,Italy,g,,,https://artfacts.net/artist/the-perceptive-group/1002091,"Top 100,000"
1002092,Antonello Diodato Guardigli,Antonello Diodato,Guardigli,,,,,Italy,m,,,https://artfacts.net/artist/antonello-diodato-guardigli/1002092,"Top 100,000"
23478,Oswaldo Guayasamín,Oswaldo,Guayasamín,1916.0,Quito (EC),1999.0,"Baltimore, MD (US)",Ecuador,m,Post-War,"Painting, Sculpture",https://artfacts.net/artist/oswaldo-guayasamin/23478,"Top 10,000"
545561,Guerreiro do Divino Amor,,Guerreiro do Divino Amor,1983.0,,,,Brazil,m,Ultra-Contemporary,,https://artfacts.net/artist/guerreiro-do-divino-amor/545561,"Top 10,000"
286158,Nedda Guidi,Nedda,Guidi,,,,,,f,,,https://artfacts.net/artist/nedda-guidi/286158,"Top 10,000"
70627,Hendra Gunawan,Hendra,Gunawan,1918.0,(ID),1983.0,,Indonesia,m,Post-War,"Painting, Sculpture",https://artfacts.net/artist/hendra-gunawan/70627,"Top 10,000"
290940,Antonio Jose Guzman,Antonio Jose,Guzman,1971.0,Panama City (PA),,,Panama,m,Contemporary,,https://artfacts.net/artist/antonio-jose-guzman/290940,"Top 10,000"
138742,Marie Hadad,Marie,Hadad,1884.0,,1973.0,,,f,Modern,Painting,https://artfacts.net/artist/marie-hadad/138742,"Top 10,000"
129218,Kadhim Hader,Kadhim,Hader,1932.0,Baghdad (IQ),1985.0,Baghdad (IQ),Iraq,m,Post-War,,https://artfacts.net/artist/kadhim-hader/129218,"Top 100,000"
110064,Samia Halaby,Samia,Halaby,1936.0,Jerusalem,,,Palestinian territories,f,Post-War,"Painting, New Media Art, Installation Art",https://artfacts.net/artist/samia-halaby/110064,"Top 10,000"
808201,Hana Halilaj,Hana,Halilaj,,,,,,f,,,https://artfacts.net/artist/hana-halilaj/808201,"Top 10,000"
136126,Tahia Halim,Tahia,Halim,1919.0,,2003.0,,Egypt,f,Post-War,Painting,https://artfacts.net/artist/tahia-halim/136126,"Top 10,000"
363363,Lauren Halsey,Lauren,Halsey,1987.0,"Los Angeles, CA (US)",,,United States,f,Ultra-Contemporary,,https://artfacts.net/artist/lauren-halsey/363363,"Top 1,000"
999378,Nazek Hamdi,Nazek,Hamdi,,,,,,,,,https://artfacts.net/artist/nazek-hamdi/999378,"Top 100,000"
999377,Faik Nazek Hamdi,Faik Nazek,Hamdi,,,,,,m,,,https://artfacts.net/artist/faik-nazek-hamdi/999377,"Top 100,000"
521421,Mohammad Hamidi,Mohammad,Hamidi,1941.0,,,,Morocco,m,Post-War,,https://artfacts.net/artist/mohammad-hamidi/521421,"Top 10,000"
111090,Barbara Hammer,Barbara,Hammer,1939.0,Los Angeles (US),2019.0,New York (US),United States,f,Post-War,"Photography, Collage, Film, Video, Installation Art, Writer",https://artfacts.net/artist/barbara-hammer/111090,"Top 1,000"
156242,Hako Hankson,Hako,Hankson,1968.0,Bamileke (CM),,,Cameroon,m,Contemporary,,https://artfacts.net/artist/hako-hankson/156242,"Top 10,000"
129210,Faik Hassan,Faik,Hassan,1914.0,Baghdad (IQ),1991.0,(FR),Iraq,m,Post-War,,https://artfacts.net/artist/faik-hassan/129210,"Top 10,000"
3749,Romuald Hazoumè,Romuald,Hazoumè,1962.0,Porto Novo (BJ),,,Benin,m,Contemporary,"Objects, Installation Art",https://artfacts.net/artist/romuald-hazoume/3749,"Top 10,000"
73197,Gilberto Hernández Ortega,Gilberto,Hernández Ortega,1924.0,,1978.0,,Dominican Republic,m,Post-War,,https://artfacts.net/artist/gilberto-hernandez-ortega/73197,"Top 10,000"
107754,Carmen Herrera,Carmen,Herrera,1915.0,Havana (CU),2022.0,,"['United States', 'Cuba']",f,Post-War,Painting,https://artfacts.net/artist/carmen-herrera/107754,"Top 1,000"
917162,Snow Hnin Ei Hlaing,Snow Hnin Ei,Hlaing,,,,,,,,,https://artfacts.net/artist/snow-hnin-ei-hlaing/917162,"Top 100,000"
1002142,Tze Yeung Ho,Tze Yeung,Ho,1992.0,,,,Norway,m,Ultra-Contemporary,,https://artfacts.net/artist/tze-yeung-ho/1002142,"Top 100,000"
36293,Vlatka Horvat,Vlatka,Horvat,1974.0,Cakovec (HR),,,Croatia,f,Contemporary,"Photography, Works on Paper, Time-Based Media",https://artfacts.net/artist/vlatka-horvat/36293,"Top 10,000"
23114,Roberto Huarcaya,Roberto,Huarcaya,1959.0,Lima (PE),,,Peru,m,Contemporary,,https://artfacts.net/artist/roberto-huarcaya/23114,"Top 10,000"
270019,Oto Hudec,Oto,Hudec,1981.0,,,,Slovakia,m,Ultra-Contemporary,,https://artfacts.net/artist/oto-hudec/270019,"Top 10,000"
370436,Lim Mu Hue,Lim Mu,Hue,1936.0,,2008.0,,,,Post-War,,https://artfacts.net/artist/lim-mu-hue/370436,"Top 10,000"
864450,Shi Hui,Shi,Hui,,,,,,,,,https://artfacts.net/artist/shi-hui/864450,"Top 10,000"
475300,Evan Ifekoya,Evan,Ifekoya,1988.0,Iperu,,,"['Nigeria', 'United Kingdom']",n,Ultra-Contemporary,"Time-Based Media, Installation Art, Performance/Happening",https://artfacts.net/artist/evan-ifekoya/475300,"Top 10,000"
657028,Onyeka Igwe,Onyeka,Igwe,1986.0,London,,,United Kingdom,f,Ultra-Contemporary,,https://artfacts.net/artist/onyeka-igwe/657028,"Top 10,000"
457693,Julia Isidrez,Julia,Isidrez,1967.0,,,,Paraguay,f,Contemporary,,https://artfacts.net/artist/julia-isidrez/457693,"Top 10,000"
1002119,Every Island,Every,Island,2021.0,,,,Belgium,g,Ultra-Contemporary,Design,https://artfacts.net/artist/every-island/1002119,"Top 100,000"
999380,Mohammed Issiakhem,Mohammed,Issiakhem,,,,,,m,,,https://artfacts.net/artist/mohammed-issiakhem/999380,"Top 100,000"
19252,Maria Izquierdo,Maria,Izquierdo,1902.0,San Juan de los Lagos (MX),1955.0,,Mexico,f,Modern,"Painting, Mural",https://artfacts.net/artist/maria-izquierdo/19252,"Top 10,000"
372777,Ali Jabri,Ali,Jabri,1942.0,"Jerusalem, Palestine",2002.0,,Jordan,m,Post-War,,https://artfacts.net/artist/ali-jabri/372777,"Top 10,000"
40055,Slavica Janeshlieva,Slavica,Janeshlieva,1973.0,,,,[],f,Contemporary,,https://artfacts.net/artist/slavica-janeslieva/40055,"Top 10,000"
654632,Ivana Jankovic,Ivana,Jankovic,1979.0,Ruma,,,"['Netherlands', 'Serbia']",f,Ultra-Contemporary,,https://artfacts.net/artist/ivana-jankovic/654632,"Top 10,000"
794339,Nour Jaouda,Nour,Jaouda,,,,,Libya,f,,"Sculpture, Mixed Media",https://artfacts.net/artist/nour-jaouda/794339,"Top 10,000"
306080,Khaled Jarrar,Khaled,Jarrar,1976.0,Jenine (PS),,,Palestinian territories,m,Ultra-Contemporary,,https://artfacts.net/artist/khaled-jarrar/306080,"Top 10,000"
1002080,Antoinette Jattiot,Antoinette,Jattiot,1989.0,,,,France,f,Ultra-Contemporary,,https://artfacts.net/artist/antoinette-jattiot/1002080,"Top 100,000"
8517,Koo Jeong-A,Koo,Jeong-A,1967.0,Seoul (KR),,,South Korea,f,Contemporary,Installation Art,https://artfacts.net/artist/koo-jeong-a/8517,"Top 1,000"
22235,Anna Jermolaewa,Anna,Jermolaewa,1970.0,St. Petersburg (Leningrad) (RU),,,Russia,f,Contemporary,"Photography, Time-Based Media",https://artfacts.net/artist/anna-jermolaewa/22235,"Top 1,000"
757017,Che Jianquan,Che,Jianquan,1967.0,Tianjin,,,China,,Contemporary,,https://artfacts.net/artist/che-jianquan/757017,"Top 10,000"
45651,Jiao Xingtao,,Jiao Xingtao,1970.0,"Chengdu, Sichuan (CN)",,,China,,Contemporary,,https://artfacts.net/artist/jiao-xingtao/45651,"Top 10,000"
986854,Jiyoon Oh,,Jiyoon Oh,,,,,[],,,,https://artfacts.net/artist/jiyoon-oh/986854,"Top 100,000"
770024,Soilart Jo-DoJoong,Soilart,Jo-DoJoong,1948.0,,,,['South Korea'],m,Contemporary,"Abstract art, Conceptual Art",https://artfacts.net/artist/soilart-jo-dojoong/770024,"Top 10,000"
585980,Rindon Johnson,Rindon,Johnson,1990.0,"unceded Ohlone and Coast Miwok territories, San Francisco, California",,,United States,m,Ultra-Contemporary,,https://artfacts.net/artist/rindon-johnson/585980,"Top 10,000"
53749,Sara Jordenö,Sara,Jordenö,1974.0,,,,Sweden,f,Contemporary,,https://artfacts.net/artist/sara-jordenoe/53749,"Top 10,000"
984594,Joyce Joumaa,Joyce,Joumaa,,,,,,f,,,https://artfacts.net/artist/joyce-joumaa/984594,"Top 10,000"
313046,Shahid Kabir,Shahid,Kabir,1947.0,Dhaka,,,Bangladesh,m,Contemporary,,https://artfacts.net/artist/shahid-kabir/313046,"Top 10,000"
12122,Mohamed Kacimi,Mohamed,Kacimi,1942.0,Miknas (MA),2003.0,,Morocco,f,Post-War,Painting,https://artfacts.net/artist/mohamed-kacimi/12122,"Top 10,000"
1002159,Aziza Kadyri,Aziza,Kadyri,1994.0,,,,Uzbekistan,f,Ultra-Contemporary,,https://artfacts.net/artist/aziza-kadyri/1002159,"Top 10,000"
23419,Frida Kahlo,Frida,Kahlo,1907.0,Coyoacán (MX),1954.0,Coyoacán (MX),Mexico,f,Modern,"Painting, Figurative art, Mural",https://artfacts.net/artist/frida-kahlo/23419,"Top 1,000"
822916,Irene Kanga,Irene,Kanga,,,,,,f,,,https://artfacts.net/artist/irene-kanga/822916,"Top 10,000"
1002127,Muyaka Kapasa,Muyaka,Kapasa,,,,,,,,,https://artfacts.net/artist/muyaka-kapasa/1002127,"Top 100,000"
5091,Gülsün Karamustafa,Gülsün,Karamustafa,1946.0,,,,['Turkey'],f,Contemporary,"Time-Based Media, Installation Art",https://artfacts.net/artist/guelsuen-karamustafa/5091,"Top 1,000"
1002081,Syeda Mahbuba Karim,Syeda Mahbuba,Karim,,,,,,f,,,https://artfacts.net/artist/syeda-mahbuba-karim/1002081,"Top 100,000"
1002061,Nazira Karimi,Nazira,Karimi,,,,,,f,,,https://artfacts.net/artist/nazira-karimi/1002061,"Top 10,000"
1002128,Matthieu Kasiama,Matthieu,Kasiama,,,,,,m,,,https://artfacts.net/artist/matthieu-kasiama/1002128,"Top 100,000"
614968,Doruntina Kastrati,Doruntina,Kastrati,1991.0,,,,Kosovo,f,Ultra-Contemporary,Sculpture,https://artfacts.net/artist/doruntina-kastrati/614968,"Top 10,000"
949034,Jean Kawata,Jean,Kawata,,,,,,m,,,https://artfacts.net/artist/jean-kawata/949034,"Top 10,000"
137746,Corita Kent,Corita,Kent,1918.0,"Fort Dodge, Iowa (US)",1986.0,,United States,f,Post-War,"Painting, Works on Paper",https://artfacts.net/artist/corita-kent/137746,"Top 1,000"
60148,George Keyt,George,Keyt,1901.0,,1993.0,,Sri Lanka,m,Modern,Painting,https://artfacts.net/artist/george-keyt/60148,"Top 10,000"
27605,Bhupen Khakhar,Bhupen,Khakhar,1934.0,"Mumbai, MH (IN)",2003.0,,India,m,Post-War,Painting,https://artfacts.net/artist/bhupen-khakhar/27605,"Top 10,000"
57100,Bouchra Khalili,Bouchra,Khalili,1975.0,Casablanca,,,"['Morocco', 'France']",f,Ultra-Contemporary,"Time Based Media, Installation Art, Photography, Video, Works on Paper, Performance/Happening, Textile Art/Fiber Art, Film",https://artfacts.net/artist/bouchra-khalili/57100,"Top 1,000"
1002077,Nina Khemchyan,Nina,Khemchyan,1964.0,Yerevan,,,Armenia,f,Contemporary,,https://artfacts.net/artist/nina-khemchyan/1002077,"Top 10,000"
258785,Bani Khoshnoudi,Bani,Khoshnoudi,,,,,,,,,https://artfacts.net/artist/bani-khoshnoudi/258785,"Top 10,000"
1002136,Huguette Kilembi,Huguette,Kilembi,,,,,,f,,,https://artfacts.net/artist/huguette-kilembi/1002136,"Top 100,000"
98600,Kiluanji Kia Henda,,Kiluanji Kia Henda,1979.0,,,,Angola,m,Ultra-Contemporary,Photography,https://artfacts.net/artist/kiluanji-kia-henda/98600,"Top 1,000"
292171,Kim Yun Shin,,Kim Yun Shin,1935.0,,,,South Korea,f,Post-War,Sculpture,https://artfacts.net/artist/kim-yun-shin/292171,"Top 10,000"
1002129,Mbuku Kimpala,Mbuku,Kimpala,,,,,,,,,https://artfacts.net/artist/mbuku-kimpala/1002129,"Top 100,000"
1002156,Athanas Kindendi,Athanas,Kindendi,,,,,,,,,https://artfacts.net/artist/athanas-kindendi/1002156,"Top 100,000"
1002143,⁠Felicien Kisiata,⁠Felicien,Kisiata,,,,,,,,,https://artfacts.net/artist/%E2%81%A0felicien-kisiata/1002143,"Top 100,000"
202735,Kapwani Kiwanga,Kapwani,Kiwanga,1978.0,Hamilton (CA),,,Canada,f,Ultra-Contemporary,"Painting, Installation Art, Performance/Happening",https://artfacts.net/artist/kapwani-kiwanga/202735,"Top 1,000"
324776,Linda Kohen,Linda,Kohen,1924.0,,,,Uruguay,f,Post-War,Painting,https://artfacts.net/artist/linda-kohen/324776,"Top 10,000"
47916,Jems Robert Koko Bi,Jems Robert,Koko Bi,1966.0,"Sinfra, Marahoué (CI)",,,Ivory Coast,m,Contemporary,,https://artfacts.net/artist/jems-robert-koko-bi/47916,"Top 10,000"
1002120,Charles Duke Kombo,Charles Duke,Kombo,,,,,,m,,,https://artfacts.net/artist/charles-duke-kombo/1002120,"Top 100,000"
1002086,Nikoloz Koplatadze,Nikoloz,Koplatadze,1997.0,Tbilisi,,,Georgia,m,Ultra-Contemporary,,https://artfacts.net/artist/nikoloz-koplatadze/1002086,"Top 100,000"
201519,Eva Kotáková,Eva,Kotáková,1982.0,Prague (CZ),,,Czech Republic,f,Ultra-Contemporary,"Photography, Drawings, Installation Art, Performance/Happening",https://artfacts.net/artist/eva-kotakova/201519,"Top 1,000"
618305,Maria Kourkouta,Maria,Kourkouta,,,,,,f,,,https://artfacts.net/artist/maria-kourkouta/618305,"Top 10,000"
589437,Pavlo Kovach Junior,Pavlo,Kovach Junior,1987.0,Uzhgorod (UA),,,Ukraine,m,Ultra-Contemporary,,https://artfacts.net/artist/pavlo-kovach-junior/589437,"Top 10,000"
1002112,Erëmirë Krasniqi,Erëmirë,Krasniqi,,,,,,,,,https://artfacts.net/artist/eremire-krasniqi/1002112,"Top 100,000"
649762,Shalom Kufakwatenzi,Shalom,Kufakwatenzi,,,,,,m,,,https://artfacts.net/artist/shalom-kufakwatenzi/649762,"Top 10,000"
39878,Ram Kumar,Ram,Kumar,1924.0,"Shimla, HP (IN)",2018.0,,India,m,Post-War,"Painting, Works on Paper, Writer",https://artfacts.net/artist/ram-kumar/39878,"Top 10,000"
1002062,Fred Kuwornu,Fred,Kuwornu,,,,,,m,,,https://artfacts.net/artist/fred-kuwornu/1002062,"Top 100,000"
1002065,Grace Salome Kwami,Grace Salome,Kwami,,,,,,f,,,https://artfacts.net/artist/grace-salome-kwami/1002065,"Top 100,000"
1002093,Giorgos Kyvernitis,Giorgos,Kyvernitis,,,,,,,,,https://artfacts.net/artist/giorgos-kyvernitis/1002093,"Top 100,000"
44899,Lai Foong Moi,,Lai Foong Moi,,,,,,,,,https://artfacts.net/artist/lai-foong-moi/44899,"Top 100,000"
2598,Wifredo Lam,Wifredo,Lam,1902.0,Sagua la Grande (CU),1982.0,Paris (FR),Cuba,m,Modern,"Painting, Sculpture",https://artfacts.net/artist/wifredo-lam/2598,"Top 1,000"
184461,Luciana Lamothe,Luciana,Lamothe,1975.0,Mercedes (AR),,,Argentina,f,Ultra-Contemporary,,https://artfacts.net/artist/luciana-lamothe/184461,"Top 10,000"
1002116,Eddy Luz Telleria Lanuza,Eddy Luz Telleria,Lanuza,,,,,,m,,,https://artfacts.net/artist/eddy-luz-telleria-lanuza/1002116,"Top 100,000"
1002152,Lap-See Lam & Kholod Hawash,,Lap-See Lam & Kholod Hawash,,,,,"['Norway', 'Finland']",d,,,https://artfacts.net/artist/lap-see-lam-kholod-hawash/1002152,"Top 100,000"
33150,Judith Lauand,Judith,Lauand,1922.0,"Pontal, SP (BR)",,,Brazil,f,Post-War,"Painting, Printmaking",https://artfacts.net/artist/judith-lauand/33150,"Top 10,000"
97632,Maggie Laubser,Maggie,Laubser,1886.0,,1973.0,,South Africa,f,Modern,Painting,https://artfacts.net/artist/maggie-laubser/97632,"Top 10,000"
1002096,Adélaïde Laurent-Bellue,Adélaïde,Laurent-Bellue,1989.0,,,,France,f,Ultra-Contemporary,,https://artfacts.net/artist/adelaide-laurent-bellue/1002096,"Top 100,000"
70629,Le Pho,,Le Pho,1907.0,,,,,,Modern,,https://artfacts.net/artist/le-pho/70629,"Top 10,000"
1002158,Charles Leba,Charles,Leba,,,,,,m,,,https://artfacts.net/artist/charles-leba/1002158,"Top 100,000"
466672,Kang Seung Lee,Kang Seung,Lee,1978.0,"Seoul, (KR)",,,South Korea,,Ultra-Contemporary,,https://artfacts.net/artist/kang-seung-lee/466672,"Top 10,000"
487539,Lee Qoede,,Lee Qoede,,,,,,,,,https://artfacts.net/artist/lee-qoede/487539,"Top 10,000"
187713,Simon Lekgetho,Simon,Lekgetho,1929.0,,1985.0,,South Africa,m,Post-War,,https://artfacts.net/artist/simon-lekgetho/187713,"Top 100,000"
1002130,Philomène Lembusa,Philomène,Lembusa,,,,,,f,,,https://artfacts.net/artist/philomene-lembusa/1002130,"Top 100,000"
386993,Pedro Lemebel,Pedro,Lemebel,1952.0,Santiago de Chile,2015.0,,Chile,m,Contemporary,,https://artfacts.net/artist/pedro-lemebel/386993,"Top 10,000"
1002083,Anna Carla De Leonardis,Anna Carla De,Leonardis,,,,,,f,,,https://artfacts.net/artist/anna-carla-de-leonardis/1002083,"Top 100,000"
1002132,Richard Leta,Richard,Leta,,,,,,m,,,https://artfacts.net/artist/richard-leta/1002132,"Top 100,000"
45842,Pia Lindman,Pia,Lindman,1965.0,Espoo,,,Finland,f,Contemporary,"Installation Art, Performance/Happening",https://artfacts.net/artist/pia-lindman/45842,"Top 10,000"
45920,Alfred Liyolo,Alfred,Liyolo,1943.0,Bolobo (CD),,,,m,Post-War,,https://artfacts.net/artist/alfred-liyolo/45920,"Top 100,000"
758231,Romualdo Locatelli,Romualdo,Locatelli,1905.0,Bergamo,,,['Italy'],m,Modern,,https://artfacts.net/artist/romualdo-locatelli/758231,"Top 100,000"
1002110,Freddy Lokole,Freddy,Lokole,,,,,,m,,,https://artfacts.net/artist/freddy-lokole/1002110,"Top 100,000"
66050,Bertina Lopes,Bertina,Lopes,1924.0,Maputo,2012.0,,Mozambique,f,Post-War,Painting,https://artfacts.net/artist/bertina-lopes/66050,"Top 10,000"
490898,Amadeo Luciano Lorenzato,Amadeo Luciano,Lorenzato,1900.0,,1995.0,,Brazil,m,Modern,"Painting, Sculpture",https://artfacts.net/artist/amadeo-luciano-lorenzato/490898,"Top 10,000"
608602,Iva Lulashi,Iva,Lulashi,1988.0,Tirana (AL),,,Albania,f,Ultra-Contemporary,,https://artfacts.net/artist/iva-lulashi/608602,"Top 10,000"
963134,Aydeé Rodríguez López,Aydeé Rodríguez,López,,,,,,,,,https://artfacts.net/artist/aydee-rodriguez-lopez/963134,"Top 10,000"
748683,MAHKU,,MAHKU,2013.0,"Jordão, AC",,,Brazil,g,Ultra-Contemporary,,https://artfacts.net/artist/mahku/748683,"Top 10,000"
1002131,Jérémie Mabiala,Jérémie,Mabiala,,,,,,m,,,https://artfacts.net/artist/jeremie-mabiala/1002131,"Top 100,000"
642748,Sekai Machache,Sekai,Machache,1989.0,,,,,f,Ultra-Contemporary,,https://artfacts.net/artist/sekai-machache/642748,"Top 10,000"
633602,Maria Madeira,Maria,Madeira,1966.0,"Gleno, Timor-Leste",,,Australia,f,Contemporary,,https://artfacts.net/artist/maria-madeira/633602,"Top 10,000"
61809,Anita Magsaysay-Ho,Anita,Magsaysay-Ho,1914.0,Manila (PH),,,Philippines,f,Post-War,Painting,https://artfacts.net/artist/anita-magsaysay-ho/61809,"Top 10,000"
49358,Esther Mahlangu,Esther,Mahlangu,1935.0,"Middelburg, Transvaal (ZA)",,,South Africa,f,Post-War,"Painting, Ceramic Art",https://artfacts.net/artist/esther-mahlangu/49358,"Top 10,000"
42946,Anna Maria Maiolino,Anna Maria,Maiolino,1942.0,Scalea (IT),,,Italy,f,Post-War,Time-Based Media,https://artfacts.net/artist/anna-maria-maiolino/42946,"Top 1,000"
500166,Troy Makaza,Troy,Makaza,1994.0,(ZW),,,Zimbabwe,m,Ultra-Contemporary,,https://artfacts.net/artist/troy-makaza/500166,"Top 10,000"
1002135,Plamedi Makongote,Plamedi,Makongote,,,,,,,,,https://artfacts.net/artist/plamedi-makongote/1002135,"Top 100,000"
22287,Anita Malfatti,Anita,Malfatti,1889.0,"São Paulo, SP (BR)",1964.0,"São Paulo, SP (BR)",Brazil,f,Modern,Painting,https://artfacts.net/artist/anita-malfatti/22287,"Top 10,000"
844073,Andrea Mancini,Andrea,Mancini,1989.0,,,,Luxembourg,f,Ultra-Contemporary,"Painting, Illustration, Watercolor",https://artfacts.net/artist/andrea-mancini/844073,"Top 10,000"
10273,Ernest Mancoba,Ernest,Mancoba,1904.0,Johannesburg (ZA),2002.0,,South Africa,m,Modern,Painting,https://artfacts.net/artist/ernest-mancoba/10273,"Top 10,000"
1002141,Blaise Mandefu,Blaise,Mandefu,,,,,,m,,,https://artfacts.net/artist/blaise-mandefu/1002141,"Top 100,000"
1002067,Bona Pieyre De Mandiargues,Bona Pieyre De,Mandiargues,,,,,,f,,,https://artfacts.net/artist/bona-pieyre-de-mandiargues/1002067,"Top 100,000"
1002155,Daniel Manenga,Daniel,Manenga,,,,,,m,,,https://artfacts.net/artist/daniel-manenga/1002155,"Top 100,000"
55588,Edna Manley,Edna,Manley,1900.0,,1987.0,,"['United Kingdom', 'Jamaica']",f,Modern,Sculpture,https://artfacts.net/artist/edna-manley/55588,"Top 10,000"
1002064,Josiah Manzi,Josiah,Manzi,,,,,,m,,,https://artfacts.net/artist/josiah-manzi/1002064,"Top 100,000"
782376,Gabriele Maquignaz,Gabriele,Maquignaz,1972.0,Aosta,,,Italy,m,Contemporary,,https://artfacts.net/artist/gabriele-maquignaz/782376,"Top 10,000"
16408,Teresa Margolles,Teresa,Margolles,1963.0,"Culiacán, Sinaloa (MX)",,,Mexico,f,Contemporary,Performance/Happening,https://artfacts.net/artist/teresa-margolles/16408,"Top 1,000"
863252,Lorenzo Marini,Lorenzo,Marini,,,,,[],,Contemporary,,https://artfacts.net/artist/lorenzo-marini/863252,"Top 10,000"
51727,Franco Marrocco,Franco,Marrocco,1956.0,"Rocca d'Evandro, Campania",,,Italy,m,Contemporary,,https://artfacts.net/artist/franco-marrocco/51727,"Top 10,000"
52412,Eddie Martinez,Eddie,Martinez,1977.0,"Groton, CT (US)",,,United States,m,Ultra-Contemporary,Painting,https://artfacts.net/artist/eddie-martinez/52412,"Top 1,000"
917795,Maria Martins,Maria,Martins,1894.0,,1973.0,,Brazil,f,Modern,"Sculpture, Design, Engraving",https://artfacts.net/artist/maria-martins/917795,"Top 10,000"
277088,María Martorell,María,Martorell,1909.0,"Salta, (AR)",,,Argentina,f,Modern,,https://artfacts.net/artist/maria-martorell/277088,"Top 10,000"
159162,Sergei Maslov,Sergei,Maslov,1962.0,Samara (RU),2002.0,Almaty (KZ),Russia,m,Contemporary,,https://artfacts.net/artist/sergei-maslov/159162,"Top 10,000"
928094,Mataaho Collective,,Mataaho Collective,,,,,,g,,,https://artfacts.net/artist/mataaho-collective/928094,"Top 10,000"
1002095,Benaiah Matheson,Benaiah,Matheson,,,,,United Kingdom,m,,,https://artfacts.net/artist/benaiah-matheson/1002095,"Top 100,000"
1002107,André lufwa Mauridi,André lufwa,Mauridi,,,,,,m,,,https://artfacts.net/artist/andre-lufwa-mauridi/1002107,"Top 100,000"
73891,Naminapu Maymuru-White,Naminapu,Maymuru-White,1952.0,North East Arnhem Land (AU),,,Australia,f,Contemporary,,https://artfacts.net/artist/naminapu-maymuru-white/73891,"Top 10,000"
176937,Franco Mazzucchelli,Franco,Mazzucchelli,1939.0,Milano (IT),,,Italy,m,Post-War,,https://artfacts.net/artist/franco-mazzucchelli/176937,"Top 10,000"
1002108,Robin Okeyo Mbera,Robin Okeyo,Mbera,,,,,,,,,https://artfacts.net/artist/robin-okeyo-mbera/1002108,"Top 100,000"
522021,Hatem El Mekki,Hatem El,Mekki,,,,,,m,,,https://artfacts.net/artist/hatem-el-mekki/522021,"Top 10,000"
101106,Mohammed Melehi,Mohammed,Melehi,1935.0,Asilah (MA),,,Morocco,m,Post-War,"Painting, Printmaking",https://artfacts.net/artist/mohammed-melehi/101106,"Top 10,000"
80285,Angela Melitopulos,Angela,Melitopulos,1961.0,,,,Greece,f,Contemporary,,https://artfacts.net/artist/angela-melitopulos/80285,"Top 10,000"
61549,Cisco Merel,Cisco,Merel,1981.0,Panamá (PA),,,Panama,m,Ultra-Contemporary,Graffiti,https://artfacts.net/artist/cisco-merel/61549,"Top 10,000"
928399,Marie Claire Messouma,Marie Claire,Messouma,,,,,,f,,,https://artfacts.net/artist/marie-claire-messouma/928399,"Top 10,000"
1002133,Mira Meya,Mira,Meya,,,,,,f,,,https://artfacts.net/artist/mira-meya/1002133,"Top 100,000"
157414,Erick Meyenberg,Erick,Meyenberg,1980.0,Mexico City (MX),,,Mexico,m,Ultra-Contemporary,"Sound Art, Light Installation",https://artfacts.net/artist/erick-meyenberg/157414,"Top 10,000"
149485,Gladys Mgudlandlu,Gladys,Mgudlandlu,1923.0,,1978.0,,South Africa,f,Post-War,Painting,https://artfacts.net/artist/gladys-mgudlandlu/149485,"Top 10,000"
918686,Giannis Michalopoulos,Giannis,Michalopoulos,,,,,,m,,,https://artfacts.net/artist/giannis-michalopoulos/918686,"Top 100,000"
5362,Beatriz Milhazes,Beatriz,Milhazes,1960.0,"Rio de Janeiro, RJ (BR)",,,Brazil,f,Contemporary,"Painting, Sculpture",https://artfacts.net/artist/beatriz-milhazes/5362,"Top 1,000"
118488,Mónica de Miranda,Mónica de,Miranda,1976.0,Amarante (PT),,,['Portugal'],f,Ultra-Contemporary,"Photography, Drawings",https://artfacts.net/artist/monica-de-miranda/118488,"Top 10,000"
458874,Omar Mismar,Omar,Mismar,,,,,,m,,,https://artfacts.net/artist/omar-mismar/458874,"Top 10,000"
42414,Mixrice,,Mixrice,2002.0,"Cho Jieun *1975, Seoul (KR) & Yang Chulmo *1977, Seoul (KR)",,,South Korea,d,Ultra-Contemporary,,https://artfacts.net/artist/mixrice/42414,"Top 10,000"
198586,Sabelo Mlangeni,Sabelo,Mlangeni,1980.0,Driefontein (ZA),,,South Africa,m,Ultra-Contemporary,Photography,https://artfacts.net/artist/sabelo-mlangeni/198586,"Top 10,000"
22182,Tina Modotti,Tina,Modotti,1896.0,Udine (IT),1942.0,Mexico City,Italy,f,Modern,Photography,https://artfacts.net/artist/tina-modotti/22182,"Top 10,000"
195012,Bahman Mohassess,Bahman,Mohassess,1933.0,,2010.0,,['Iran'],m,Post-War,,https://artfacts.net/artist/bahman-mohassess/195012,"Top 10,000"
81737,Yuko Mohri,Yuko,Mohri,1980.0,,,,Japan,f,Ultra-Contemporary,"Sculpture, Installation Art",https://artfacts.net/artist/yuko-mohri/81737,"Top 10,000"
1002148,Molemo Moiloa,Molemo,Moiloa,1987.0,Johannesburg,,,South Africa,f,Ultra-Contemporary,,https://artfacts.net/artist/molemo-moiloa/1002148,"Top 100,000"
267723,Nare Mokgotho,Nare,Mokgotho,1986.0,Johannesburg,,,South Africa,m,Ultra-Contemporary,,https://artfacts.net/artist/nare-mokgotho/267723,"Top 100,000"
542584,Jota Mombaça,Jota,Mombaça,1991.0,,,,Brazil,n,Ultra-Contemporary,,https://artfacts.net/artist/jota-mombaca/542584,"Top 10,000"
627961,Ersan Mondtag,Ersan,Mondtag,1987.0,Berlin,,,Germany,m,Ultra-Contemporary,,https://artfacts.net/artist/ersan-mondtag/627961,"Top 10,000"
33203,Roberto Montenegro,Roberto,Montenegro,1885.0,Guadalajara (MX),1968.0,Ciudad de México (MX),Mexico,m,Modern,"Painting, Illustration, Scenography, Mural",https://artfacts.net/artist/roberto-montenegro/33203,"Top 10,000"
40438,Valeria Montti-Colque,Valeria,Montti-Colque,1978.0,,,,Sweden,f,Ultra-Contemporary,,https://artfacts.net/artist/valeria-montti-colque/40438,"Top 10,000"
105529,Archie Moore,Archie,Moore,1970.0,,,,Australia,m,Contemporary,"Painting, Photography, Drawings, Video, Sculpture, Installation Art, Sound Art",https://artfacts.net/artist/archie-moore/105529,"Top 10,000"
64460,Ronald Moran,Ronald,Moran,1972.0,Chalchuapa (SV),,,El Salvador,m,Contemporary,Installation Art,https://artfacts.net/artist/ronald-moran/64460,"Top 10,000"
547145,Ahmed Morsi,Ahmed,Morsi,1930.0,,,,Egypt,m,Post-War,,https://artfacts.net/artist/ahmed-morsi/547145,"Top 10,000"
1002124,Gerald Oroo Motondi,Gerald Oroo,Motondi,,,,,,m,,,https://artfacts.net/artist/gerald-oroo-motondi/1002124,"Top 100,000"
44335,Carlos Motta,Carlos,Motta,1978.0,Bogotá (CO),,,Colombia,m,Ultra-Contemporary,Installation Art,https://artfacts.net/artist/carlos-motta/44335,"Top 1,000"
1002157,Essa Al Mufarji,Essa Al,Mufarji,1981.0,,,,Oman,,Ultra-Contemporary,,https://artfacts.net/artist/essa-al-mufarji/1002157,"Top 100,000"
1002103,Milka Mugo,Milka,Mugo,,,,,,f,,,https://artfacts.net/artist/milka-mugo/1002103,"Top 100,000"
1002139,Emery Muhamba,Emery,Muhamba,,,,,,m,,,https://artfacts.net/artist/emery-muhamba/1002139,"Top 100,000"
61774,Zanele Muholi,Zanele,Muholi,1972.0,"Umlazi, Durban (ZA)",,,South Africa,"['m', 'n']",Contemporary,Photography,https://artfacts.net/artist/zanele-muholi/61774,Top 100
56453,Mujeres Creando,,Mujeres Creando,1992.0,,,,Bolivia,d,Ultra-Contemporary,,https://artfacts.net/artist/mujeres-creando/56453,"Top 10,000"
1002134,Tantine Mukundu,Tantine,Mukundu,,,,,,,,,https://artfacts.net/artist/tantine-mukundu/1002134,"Top 100,000"
1002137,Olele Mulela,Olele,Mulela,,,,,,,,,https://artfacts.net/artist/olele-mulela/1002137,"Top 100,000"
609248,Anvar Musrepov,Anvar,Musrepov,1994.0,Almaty,,,Kazakhstan,m,Ultra-Contemporary,,https://artfacts.net/artist/anvar-musrepov/609248,"Top 10,000"
1002138,Daniel Muvunzi,Daniel,Muvunzi,,,,,,m,,,https://artfacts.net/artist/daniel-muvunzi/1002138,"Top 100,000"
1002150,Lutengano Mwakisopile,Lutengano,Mwakisopile,1976.0,Dar es Salaam,,,Tanzania,,Ultra-Contemporary,,https://artfacts.net/artist/lutengano-mwakisopile/1002150,"Top 100,000"
21619,Carlos Mérida,Carlos,Mérida,1891.0,Ciudad de Guatemala (GT),1984.0,Ciudad de México (MX),Guatemala,m,Modern,"Painting, Drawings",https://artfacts.net/artist/carlos-merida/21619,"Top 10,000"
148965,NORD,,NORD,,,,,Denmark,,,,https://artfacts.net/artist/nord/148965,"Top 100,000"
136110,Effat Nagui,Effat,Nagui,1905.0,,1990.0,,Egypt,f,Modern,,https://artfacts.net/artist/effat-nagui/136110,"Top 10,000"
122011,Saken Narynov,Saken,Narynov,1946.0,Issyk,2023.0,,Kazakhstan,m,Contemporary,,https://artfacts.net/artist/saken-narynov/122011,"Top 100,000"
1002115,Edward Mwaura Ndekere,Edward Mwaura,Ndekere,,,,,,m,,,https://artfacts.net/artist/edward-mwaura-ndekere/1002115,"Top 100,000"
1002122,Wuma Mbambila Ndombasi,Wuma Mbambila,Ndombasi,,,,,,,,,https://artfacts.net/artist/wuma-mbambila-ndombasi/1002122,"Top 100,000"
1002053,Bordadoras de Isla Negra,Bordadoras de Isla,Negra,,,,,,,,,https://artfacts.net/artist/bordadoras-de-isla-negra/1002053,"Top 100,000"
417871,Marton Nemes,Marton,Nemes,1986.0,Székesfehérvár (HU),,,Hungary,m,Ultra-Contemporary,,https://artfacts.net/artist/marton-nemes/417871,"Top 10,000"
23817,Ismael Nery,Ismael,Nery,1900.0,"Belém do Pará, PA (BR)",1934.0,"Rio de Janeiro, RJ (BR)",Brazil,m,Modern,Painting,https://artfacts.net/artist/ismael-nery/23817,"Top 10,000"
1002140,René Ngongo,René,Ngongo,,,,,,m,,,https://artfacts.net/artist/rene-ngongo/1002140,"Top 100,000"
230649,Nguyen Trinh Thi,,Nguyen Trinh Thi,1973.0,Hanoi (VN),,,Vietnam,f,Contemporary,,https://artfacts.net/artist/nguyen-trinh-thi/230649,"Top 10,000"
81069,Malangatana Ngwenya,Malangatana,Ngwenya,1936.0,Matalana (MZ),2011.0,,Mozambique,m,Post-War,"Painting, Sculpture",https://artfacts.net/artist/malangatana-ngwenya/81069,"Top 10,000"
972191,Paula Nicho,Paula,Nicho,,,,,,f,,,https://artfacts.net/artist/paula-nicho/972191,"Top 100,000"
117924,Costantino Nivola,Costantino,Nivola,1911.0,"Orani, Nuoro (IT)",1988.0,"Long Island, NY (US)",Italy,m,Post-War,Sculpture,https://artfacts.net/artist/costantino-nivola/117924,"Top 10,000"
1002066,Taylor Nkomo,Taylor,Nkomo,,,,,,,,,https://artfacts.net/artist/taylor-nkomo/1002066,"Top 100,000"
1002087,Grigol Nodia,Grigol,Nodia,1994.0,Tbilisi,,,Georgia,m,Ultra-Contemporary,,https://artfacts.net/artist/grigol-nodia/1002087,"Top 100,000"
422528,Victor Nyakauro,Victor,Nyakauro,1977.0,Harare,,,Zimbabwe,m,Ultra-Contemporary,,https://artfacts.net/artist/victor-nyakauro/422528,"Top 10,000"
711457,Victor Fotso Nyie,Victor Fotso,Nyie,1990.0,Douala,,,['Cameroon'],m,Ultra-Contemporary,,https://artfacts.net/artist/victor-fotso-nyie/711457,"Top 10,000"
61466,Marina Núñez del Prado,Marina,Núñez del Prado,1910.0,,1995.0,,Bolivia,f,Modern,Sculpture,https://artfacts.net/artist/marina-nunez-del-prado/61466,"Top 10,000"
40022,Isabel de Obaldía,Isabel de,Obaldía,1957.0,"Washington, D.C. (US)",,,United States,f,Contemporary,,https://artfacts.net/artist/isabel-de-obaldia/40022,"Top 10,000"
298727,Sénèque Obin,Sénèque,Obin,1893.0,,1977.0,,Haiti,m,Modern,Painting,https://artfacts.net/artist/seneque-obin/298727,"Top 10,000"
148345,Philomé Obin,Philomé,Obin,1892.0,,1986.0,,Haiti,m,Modern,Painting,https://artfacts.net/artist/philome-obin/148345,"Top 10,000"
16233,Alejandro Obregón,Alejandro,Obregón,1920.0,Barcelona (ES),1992.0,Cartagena de Indias (CO),Colombia,m,Post-War,"Painting, Sculpture, Engraving, Mural",https://artfacts.net/artist/alejandro-obregon/16233,"Top 10,000"
302642,Toyin Odutola,Toyin,Odutola,1985.0,,,,Nigeria,f,Ultra-Contemporary,"Painting, Drawings",https://artfacts.net/artist/toyin-odutola/302642,"Top 1,000"
1002114,Peter Kenyanya Oendo,Peter Kenyanya,Oendo,,,,,,m,,,https://artfacts.net/artist/peter-kenyanya-oendo/1002114,"Top 100,000"
1002101,John Tabule Abuya Ogao,John Tabule Abuya,Ogao,,,,,,m,,,https://artfacts.net/artist/john-tabule-abuya-ogao/1002101,"Top 100,000"
189657,Abraham Oghobase,Abraham,Oghobase,1979.0,Lagos (NG),,,Nigeria,m,Ultra-Contemporary,Photography,https://artfacts.net/artist/abraham-oghobase/189657,"Top 10,000"
22453,Tomie Ohtake,Tomie,Ohtake,1913.0,Kyoto (JP),2015.0,,Brazil,f,Post-War,"Painting, Printmaking, Sculpture",https://artfacts.net/artist/tomie-ohtake/22453,"Top 10,000"
98567,Uche Okeke,Uche,Okeke,1933.0,northern Nigeria (NG),2016.0,,Nigeria,m,Post-War,"Painting, Mural",https://artfacts.net/artist/uche-okeke/98567,"Top 10,000"
727015,Precious Okoyomon,Precious,Okoyomon,1993.0,,,,United Kingdom,n,Ultra-Contemporary,"Installation Art, Writer",https://artfacts.net/artist/precious-okoyomon/727015,"Top 10,000"
1002154,Sarah Al Olaqi,Sarah Al,Olaqi,,,,,,f,,,https://artfacts.net/artist/sarah-al-olaqi/1002154,"Top 100,000"
1002123,Elkana Ong'esa,Elkana,Ong'esa,,,,,,,,,https://artfacts.net/artist/elkana-ong-esa/1002123,"Top 100,000"
307739,Daniela Ortiz,Daniela,Ortiz,1985.0,,,,['Peru'],f,Ultra-Contemporary,,https://artfacts.net/artist/daniela-ortiz/307739,"Top 1,000"
102981,Marco Ospina,Marco,Ospina,1912.0,,1983.0,,Colombia,m,Post-War,"Painting, Mural",https://artfacts.net/artist/marco-ospina/102981,"Top 10,000"
300705,Daniel Otero Torres,Daniel,Otero Torres,1985.0,Bogota,,,Colombia,m,Ultra-Contemporary,"Drawings, Sculpture, Installation Art, Ceramic Art",https://artfacts.net/artist/daniel-otero-torres/300705,"Top 10,000"
571981,Sadikou Oukpedjo,Sadikou,Oukpedjo,1975.0,Kétao (TG),,,Togo,m,Ultra-Contemporary,"Painting, Ceramic Art",https://artfacts.net/artist/sadikou-oukpedjo/571981,"Top 10,000"
497399,Lydia Ourahmane,Lydia,Ourahmane,1992.0,Saïda (DZ),,,Algeria,f,Ultra-Contemporary,,https://artfacts.net/artist/lydia-ourahmane/497399,"Top 1,000"
521023,Pakui Hardware,,Pakui Hardware,2014.0,,,,Lithuania,d,Ultra-Contemporary,,https://artfacts.net/artist/pakui-hardware/521023,"Top 10,000"
183914,Pan Yuliang,,Pan Yuliang,1895.0,Anhui (CN),1977.0,Paris (FR),China,f,Modern,Painting,https://artfacts.net/artist/pan-yuliang/183914,"Top 10,000"
204917,Thunska Pansittivorakul,Thunska,Pansittivorakul,1973.0,,,,,,Contemporary,,https://artfacts.net/artist/thunska-pansittivorakul/204917,"Top 10,000"
1002056,Miguel Alandia Pantoja,Miguel Alandia,Pantoja,,,,,,m,,,https://artfacts.net/artist/miguel-alandia-pantoja/1002056,"Top 100,000"
802754,Arissana Pataxó,Arissana,Pataxó,,,,,,,,,https://artfacts.net/artist/arissana-pataxo/802754,"Top 10,000"
448773,Ruth Patir,Ruth,Patir,1984.0,,,,,f,Ultra-Contemporary,,https://artfacts.net/artist/ruth-patir/448773,"Top 10,000"
174405,Anand Patwardhan,Anand,Patwardhan,1950.0,Mumbai (IN),,,India,m,Contemporary,,https://artfacts.net/artist/anand-patwardhan/174405,"Top 10,000"
422968,Dalton Paula,Dalton,Paula,1982.0,,,,Brazil,m,Ultra-Contemporary,,https://artfacts.net/artist/dalton-paula/422968,"Top 10,000"
27253,Amelia Peláez,Amelia,Peláez,1896.0,(CU),1968.0,(CU),Cuba,f,Modern,Painting,https://artfacts.net/artist/amelia-pelaez/27253,"Top 10,000"
149480,George Mnyalaza Milwa Pemba,George Mnyalaza Milwa,Pemba,1912.0,"Korsten, Port Elizabeth, EC (ZA)",2001.0,,South Africa,m,Post-War,,https://artfacts.net/artist/george-mnyalaza-milwa-pemba/149480,"Top 10,000"
60566,Fúlvio Pennacchi,Fúlvio,Pennacchi,1905.0,(IT),1992.0,(BR),Italy,,Modern,,https://artfacts.net/artist/fulvio-pennacchi/60566,"Top 100,000"
29819,Claudio Perna,Claudio,Perna,1938.0,Milan (IT),1997.0,Cuba (CU),Venezuela,m,Post-War,Collage,https://artfacts.net/artist/claudio-perna/29819,"Top 10,000"
19833,Emilio Pettoruti,Emilio,Pettoruti,1892.0,La Plata (AR),1971.0,Paris (FR),Argentina,m,Modern,Painting,https://artfacts.net/artist/emilio-pettoruti/19833,"Top 10,000"
1002068,Ester Pilone,Ester,Pilone,,,,,,f,,,https://artfacts.net/artist/ester-pilone/1002068,"Top 100,000"
938450,La Chola Poblete,La Chola,Poblete,1989.0,Mendoza,,,Argentina,f,Ultra-Contemporary,"Painting, Photography, Works on Paper, Time-Based Media, Sculpture, Installation Art",https://artfacts.net/artist/la-chola-poblete/938450,"Top 10,000"
1002071,Nenne Sanguineti Poggi,Nenne Sanguineti,Poggi,,,,,,,,,https://artfacts.net/artist/nenne-sanguineti-poggi/1002071,"Top 100,000"
738772,Charmaine Poh,Charmaine,Poh,,,,,Singapore,f,,Photography,https://artfacts.net/artist/charmaine-poh/738772,"Top 10,000"
72953,Maria Polo,Maria,Polo,1937.0,Venezia (IT),1983.0,Rio de Janeiro (BR),Italy,f,Post-War,,https://artfacts.net/artist/maria-polo/72953,"Top 100,000"
16138,Cândido Portinari,Cândido,Portinari,1903.0,"Brodowsky, SP (BR)",1962.0,Rio de Janeiro (BR),Brazil,m,Modern,Painting,https://artfacts.net/artist/candido-portinari/16138,"Top 10,000"
689987,Sandra Poulson,Sandra,Poulson,,,,,,f,,,https://artfacts.net/artist/sandra-poulson/689987,"Top 10,000"
40962,B. Prabha,B.,Prabha,1933.0,,2001.0,,India,f,Post-War,,https://artfacts.net/artist/b-prabha/40962,"Top 10,000"
23313,Lidy Prati,Lidy,Prati,1921.0,"Resistencia, Chaco (AR)",2008.0,,Argentina,f,Post-War,,https://artfacts.net/artist/lidy-prati/23313,"Top 10,000"
64562,Danilo di Prete,Danilo di,Prete,1911.0,(IT),1985.0,"São Paulo, SP (BR)",Brazil,m,Post-War,,https://artfacts.net/artist/danilo-di-prete/64562,"Top 10,000"
23302,Juan del Prete,Juan del,Prete,1897.0,"Vasto, CH (IT)",1987.0,"Buenos Aires, B (AR)","['Italy', 'Argentina']",m,Modern,Painting,https://artfacts.net/artist/juan-del-prete/23302,"Top 10,000"
31132,Wilfredo Prieto,Wilfredo,Prieto,1978.0,Sancti-Spíritus (CU),,,Cuba,m,Ultra-Contemporary,"Objects, Installation Art",https://artfacts.net/artist/wilfredo-prieto/31132,"Top 10,000"
1002057,Aravani Art Project,Aravani Art,Project,,,,,,,,,https://artfacts.net/artist/aravani-art-project/1002057,"Top 100,000"
478619,Puppies Puppies,,Puppies Puppies,1989.0,,,,United States,"['f', 'x']",Ultra-Contemporary,"Time-Based Media, Sculpture, Installation Art, Performance/Happening",https://artfacts.net/artist/puppies-puppies/478619,"Top 10,000"
1002106,James Putnam,James,Putnam,,,,,,m,,,https://artfacts.net/artist/james-putnam/1002106,"Top 100,000"
77169,Qiu Zhenzhong,,Qiu Zhenzhong,1947.0,,,,China,m,Contemporary,Calligraphy,https://artfacts.net/artist/qiu-zhenzhong/77169,"Top 10,000"
999375,Queerocracy,,Queerocracy,,,,,,,,,https://artfacts.net/artist/queerocracy/999375,"Top 100,000"
239560,Chloé Quenum,Chloé,Quenum,1983.0,Paris (FR),,,France,f,Ultra-Contemporary,,https://artfacts.net/artist/chloe-quenum/239560,"Top 10,000"
1002070,Violeta Quispe,Violeta,Quispe,,,,,,f,,,https://artfacts.net/artist/violeta-quispe/1002070,"Top 100,000"
1002079,Abdur Rab,Abdur,Rab,,,,,,,,,https://artfacts.net/artist/abdur-rab/1002079,"Top 100,000"
33238,Alfredo Ramos Martínez,Alfredo,Ramos Martínez,1872.0,Monterrey (MX),1946.0,"Los Angeles, CA (US)",Mexico,m,Impressionists and Post-Impressionistis,Mural,https://artfacts.net/artist/alfredo-ramos-martinez/33238,"Top 10,000"
102164,Juvenal Ravelo,Juvenal,Ravelo,1932.0,,,,Venezuela,m,Post-War,,https://artfacts.net/artist/juvenal-ravelo/102164,"Top 10,000"
38089,S. H. Raza,S. H.,Raza,1922.0,"Babaria, MP (IN)",2016.0,,India,m,Post-War,Painting,https://artfacts.net/artist/s-h-raza/38089,"Top 10,000"
8907,Oliver Ressler,Oliver,Ressler,1970.0,,,,['Austria'],m,Contemporary,"Video installation, Photography, Installation Art, Video",https://artfacts.net/artist/oliver-ressler/8907,"Top 1,000"
12588,Armando Reverón,Armando,Reverón,1889.0,Caracas (VE),1954.0,Caracas (VE),Venezuela,m,Modern,Painting,https://artfacts.net/artist/armando-reveron/12588,"Top 10,000"
843770,Natalia Revoniuk,Natalia,Revoniuk,,,,,Ukraine,f,,,https://artfacts.net/artist/natalia-revoniuk/843770,"Top 10,000"
110203,Emma Reyes,Emma,Reyes,1919.0,,2003.0,,,f,Post-War,Painting,https://artfacts.net/artist/emma-reyes/110203,"Top 10,000"
16393,Diego Rivera,Diego,Rivera,1886.0,Guanajuato (MX),1957.0,Ciudad de México (MX),Mexico,m,Modern,"Painting, Mural",https://artfacts.net/artist/diego-rivera/16393,"Top 1,000"
1002149,Happy Robert,Happy,Robert,,Songea,,,Tanzania,f,,,https://artfacts.net/artist/happy-robert/1002149,"Top 100,000"
457692,Juana Marta Rodas,Juana Marta,Rodas,,,,,,f,,,https://artfacts.net/artist/juana-marta-rodas/457692,"Top 10,000"
72522,Laura Rodig,Laura,Rodig,1900.0,Santiago (CL),1972.0,Santiago (CL),Chile,f,Modern,,https://artfacts.net/artist/laura-rodig/72522,"Top 10,000"
712071,Wilson Rodriguez,Wilson,Rodriguez,,,,,,m,,,https://artfacts.net/artist/wilson-rodriguez/712071,"Top 10,000"
99166,Freddy Rodriguez,Freddy,Rodriguez,1945.0,,,,Dominican Republic,m,Post-War,,https://artfacts.net/artist/freddy-rodriguez/99166,"Top 10,000"
319451,Abel Rodriguez,Abel,Rodriguez,1943.0,,,,Colombia,m,Post-War,,https://artfacts.net/artist/abel-rodriguez/319451,"Top 10,000"
27218,Miguel Ángel Rojas,Miguel Ángel,Rojas,1946.0,Bogotá (CO),,,Colombia,m,Contemporary,Installation Art,https://artfacts.net/artist/miguel-angel-rojas/27218,"Top 10,000"
326278,Rosa Rolanda,Rosa,Rolanda,1895.0,,1970.0,,United States,f,Modern,,https://artfacts.net/artist/rosa-rolanda/326278,"Top 10,000"
649768,Gillian Rosselli,Gillian,Rosselli,1962.0,,,,Zimbabwe,f,Contemporary,,https://artfacts.net/artist/gillian-rosselli/649768,"Top 10,000"
113298,Carole Roussopoulos,Carole,Roussopoulos,1945.0,Lausanne (CH),2009.0,,France,f,Post-War,,https://artfacts.net/artist/carole-roussopoulos/113298,"Top 10,000"
39323,Jamini Roy,Jamini,Roy,1887.0,"Baliatore, Bardhaman, WB (IN)",1972.0,"Kolkata, WB (IN)",India,m,Modern,Painting,https://artfacts.net/artist/jamini-roy/39323,"Top 10,000"
45810,Marija Terese Rozanskaite,Marija Terese,Rozanskaite,1933.0,,2007.0,,Lithuania,f,Post-War,,https://artfacts.net/artist/marija-terese-rozanskaite/45810,"Top 10,000"
148819,Rómulo Rozo,Rómulo,Rozo,1899.0,,1964.0,,Colombia,m,Modern,,https://artfacts.net/artist/romulo-rozo/148819,"Top 10,000"
509977,Erica Rutherford,Erica,Rutherford,1923.0,Edinburgh,2008.0,Charlottetown (CA),United Kingdom,"['f', 'x']",Post-War,,https://artfacts.net/artist/erica-rutherford/509977,"Top 10,000"
32967,José Sabogal,José,Sabogal,1888.0,,1956.0,,Peru,m,Modern,Painting,https://artfacts.net/artist/jose-sabogal/32967,"Top 10,000"
355697,Mahmoud Sabri,Mahmoud,Sabri,1927.0,,2012.0,,Iraq,m,Post-War,Painting,https://artfacts.net/artist/mahmoud-sabri/355697,"Top 100,000"
194342,Sadequain,,Sadequain,1930.0,,1987.0,Karachi (PK),Pakistan,m,Post-War,"Painting, Calligraphy",https://artfacts.net/artist/sadequain/194342,"Top 10,000"
1002082,Roberto Saglietto,Roberto,Saglietto,,,,,,m,,,https://artfacts.net/artist/roberto-saglietto/1002082,"Top 100,000"
436490,Fotis Sagonas,Fotis,Sagonas,,,,,[],m,,,https://artfacts.net/artist/fotis-sagonas/436490,"Top 100,000"
194357,Nena Saguil,Nena,Saguil,1926.0,Manila (PH),,,Philippines,f,Post-War,,https://artfacts.net/artist/nena-saguil/194357,"Top 100,000"
293104,Mahmoud Said,Mahmoud,Said,1897.0,,1964.0,,Egypt,m,Modern,Painting,https://artfacts.net/artist/mahmoud-said/293104,"Top 10,000"
142530,Kazuya Sakai,Kazuya,Sakai,1927.0,Buenos Aires (AR),2001.0,"Dallas, TX (US)",Argentina,m,Post-War,Painting,https://artfacts.net/artist/kazuya-sakai/142530,"Top 10,000"
83006,Ione Saldanha,Ione,Saldanha,1919.0,"Alegrete, RS (BR)",2001.0,"Rio de Janeiro, RJ (BR)",Brazil,f,Post-War,,https://artfacts.net/artist/ione-saldanha/83006,"Top 10,000"
606712,Aly Ben Salem,Aly Ben,Salem,1910.0,,2001.0,,Tunisia,m,Modern,,https://artfacts.net/artist/aly-ben-salem/606712,"Top 10,000"
129209,Jawad Salim,Jawad,Salim,1919.0,Ankara (TR),1961.0,Baghdad (IQ),Iraq,m,Post-War,,https://artfacts.net/artist/jawad-salim/129209,"Top 10,000"
680254,Tita Salina,Tita,Salina,,,,,,f,,,https://artfacts.net/artist/tita-salina/680254,"Top 10,000"
195929,Mark Salvatus,Mark,Salvatus,1980.0,,,,Philippines,m,Ultra-Contemporary,,https://artfacts.net/artist/mark-salvatus/195929,"Top 10,000"
14360,Dean Sameshima,Dean,Sameshima,1971.0,Los Angeles (US),,,United States,m,Contemporary,"Works on Paper, Digital photography",https://artfacts.net/artist/dean-sameshima/14360,"Top 10,000"
677365,Barbara Sanchez-Kane,Barbara,Sanchez-Kane,1987.0,Mérida (MX),,,Mexico,f,Ultra-Contemporary,"Painting, Installation Art, Performance/Happening, Fashion Design",https://artfacts.net/artist/barbara-sanchez-kane/677365,"Top 10,000"
64559,Fanny Sanin,Fanny,Sanin,1938.0,Bogotá (CO),,,Colombia,f,Post-War,Painting,https://artfacts.net/artist/fanny-sanin/64559,"Top 10,000"
11581,Aligi Sassu,Aligi,Sassu,1912.0,Milano (IT),2000.0,Majorca (ES),Italy,m,Post-War,"Painting, Sculpture",https://artfacts.net/artist/aligi-sassu/11581,"Top 10,000"
279444,Vidha Saumya,Vidha,Saumya,1884.0,Patna,,,India,f,Modern,Embroidery,https://artfacts.net/artist/vidha-saumya/279444,"Top 10,000"
97809,Serban Savu,Serban,Savu,1978.0,Sighişoara (RO),,,Romania,m,Ultra-Contemporary,Painting,https://artfacts.net/artist/serban-savu/97809,"Top 10,000"
950962,Güliz Sağlam,Güliz,Sağlam,,,,,,f,,,https://artfacts.net/artist/gueliz-saglam/950962,"Top 10,000"
170896,Vladislav Scepanovic,Vladislav,Scepanovic,1971.0,,,,,m,Contemporary,,https://artfacts.net/artist/vladislav-scepanovic/170896,"Top 10,000"
343334,Greta Schodl,Greta,Schodl,1929.0,Hollabrunn,,,Austria,f,Post-War,,https://artfacts.net/artist/greta-schodl/343334,"Top 10,000"
165177,Marco Scotini,Marco,Scotini,,,,,,m,,,https://artfacts.net/artist/marco-scotini/165177,"Top 10,000"
701400,Ana Segovia,Ana,Segovia,,,,,Mexico,f,,,https://artfacts.net/artist/ana-segovia/701400,"Top 10,000"
98543,Gerard Sekoto,Gerard,Sekoto,1913.0,"Middelburg, EC (ZA)",1993.0,Paris (FR),South Africa,m,Post-War,Painting,https://artfacts.net/artist/gerard-sekoto/98543,"Top 10,000"
409196,Lorna Selim,Lorna,Selim,1928.0,Sheffield (UK),,,United Kingdom,f,Post-War,,https://artfacts.net/artist/lorna-selim/409196,"Top 10,000"
928403,Joshua Serafin,Joshua,Serafin,1995.0,,,,,m,Ultra-Contemporary,,https://artfacts.net/artist/joshua-serafin/928403,"Top 10,000"
928773,Camilo Mori Serrano,Camilo Mori,Serrano,,,,,,m,,,https://artfacts.net/artist/camilo-mori-serrano/928773,"Top 10,000"
11869,Gino Severini,Gino,Severini,1883.0,"Cortona, Arezzo (IT)",1966.0,Paris (FR),Italy,m,Modern,Painting,https://artfacts.net/artist/gino-severini/11869,"Top 10,000"
20714,Tejal Shah,Tejal,Shah,1979.0,"Bhilai, Chattisgrah (IN)",,,India,f,Ultra-Contemporary,"Photography, Time-Based Media, Installation Art",https://artfacts.net/artist/tejal-shah/20714,"Top 10,000"
21794,Wael Shawky,Wael,Shawky,1971.0,Alexandria (EG),,,Egypt,m,Contemporary,"Photography, Time-Based Media, Installation Art, Performance/Happening",https://artfacts.net/artist/wael-shawky/21794,"Top 1,000"
239558,Anwar Shemza,Anwar,Shemza,1928.0,,1985.0,,Pakistan,m,Post-War,Painting,https://artfacts.net/artist/anwar-shemza/239558,"Top 10,000"
63953,Amrita Sher-Gil,Amrita,Sher-Gil,1913.0,Budapest (IN/*HU),1941.0,Lahore (IN),India,f,Post-War,Painting,https://artfacts.net/artist/amrita-sher-gil/63953,"Top 10,000"
2105,Yinka Shonibare,Yinka,Shonibare,1962.0,"London, England (UK)",,,United Kingdom,m,Contemporary,"Painting, Photography, Sculpture",https://artfacts.net/artist/yinka-shonibare/2105,"Top 1,000"
1002069,Doreen Sibanda,Doreen,Sibanda,,,,,,f,,,https://artfacts.net/artist/doreen-sibanda/1002069,"Top 100,000"
168667,Fadjar Sidik,Fadjar,Sidik,1930.0,,2004.0,,,,Post-War,,https://artfacts.net/artist/fadjar-sidik/168667,"Top 10,000"
570937,Sim Chi Yin,,Sim Chi Yin,1978.0,,,,Singapore,f,Ultra-Contemporary,,https://artfacts.net/artist/sim-chi-yin/570937,"Top 10,000"
263073,Gazbia Sirry,Gazbia,Sirry,1925.0,Cairo (EG),,,Egypt,f,Post-War,Painting,https://artfacts.net/artist/gazbia-sirry/263073,"Top 10,000"
97647,Lucas Sithole,Lucas,Sithole,1931.0,KwaThema (ZA),1994.0,,South Africa,m,Post-War,Sculpture,https://artfacts.net/artist/lucas-sithole/97647,"Top 10,000"
641108,Stjepan Skoko,Stjepan,Skoko,1959.0,Grab,,,Bosnia and Herzegovina,m,Contemporary,Sculpture,https://artfacts.net/artist/stjepan-skoko/641108,"Top 100,000"
321600,Himali Singh Soin,Himali Singh,Soin,1987.0,Delhi,,,India,,Ultra-Contemporary,,https://artfacts.net/artist/himali-singh-soin/321600,"Top 10,000"
420579,F.N. Souza,F.N.,Souza,1924.0,Goa (IN),2002.0,,India,m,Post-War,"Painting, Drawings",https://artfacts.net/artist/f-n-souza/420579,"Top 10,000"
91510,Nika Span,Nika,Span,1976.0,Ljubljana (SI),,,Slovenia,f,Ultra-Contemporary,,https://artfacts.net/artist/nika-span/91510,"Top 10,000"
1002084,Speculoos,,Speculoos,2000.0,,,,Belgium,g,Ultra-Contemporary,,https://artfacts.net/artist/speculoos/1002084,"Top 100,000"
11704,Joseph Stella,Joseph,Stella,1877.0,"Muro Lucano, PZ (IT)",1946.0,"New York City, NY (US)",United States,m,Modern,Painting,https://artfacts.net/artist/joseph-stella/11704,"Top 10,000"
114658,Irma Stern,Irma,Stern,1894.0,"Schweizer-Reneke, NW (ZA)",1966.0,"Kaapstad (Cape Town), WC (ZA)",South Africa,f,Modern,Painting,https://artfacts.net/artist/irma-stern/114658,"Top 10,000"
29610,Hito Steyerl,Hito,Steyerl,1966.0,Munich (DE),,,Germany,f,Contemporary,Film,https://artfacts.net/artist/hito-steyerl/29610,Top 100
606545,Inuuteq Storch,Inuuteq,Storch,1989.0,,,,Greenland,m,Ultra-Contemporary,Photography,https://artfacts.net/artist/inuuteq-storch/606545,"Top 10,000"
557462,Leopold Strobl,Leopold,Strobl,1960.0,,,,Austria,m,Contemporary,,https://artfacts.net/artist/leopold-strobl/557462,"Top 10,000"
794917,Emiria Sunassa,Emiria,Sunassa,,,,,,,,,https://artfacts.net/artist/emiria-sunassa/794917,"Top 10,000"
820891,Cédrick Sungo,Cédrick,Sungo,1992.0,,,,Democratic Republic of the Congo,m,Ultra-Contemporary,,https://artfacts.net/artist/cedrick-sungo/820891,"Top 100,000"
34952,Superflex,,Superflex,1993.0,Kopenhagen (DK),,,['Denmark'],g,Ultra-Contemporary,"Sculpture, Film, Installation Art, Conceptual Art",https://artfacts.net/artist/superflex/34952,"Top 1,000"
734119,Sweatmother,,Sweatmother,,,,,,,,,https://artfacts.net/artist/sweatmother/734119,"Top 100,000"
43050,Zilia Sánchez,Zilia,Sánchez,1928.0,,,,Cuba,f,Post-War,,https://artfacts.net/artist/zilia-sanchez/43050,"Top 10,000"
250447,Claire Tabouret,Claire,Tabouret,1981.0,,,,France,f,Ultra-Contemporary,"Painting, Works on Paper, Sculpture",https://artfacts.net/artist/claire-tabouret/250447,"Top 10,000"
421176,Moffat Takadiwa,Moffat,Takadiwa,1983.0,,,,['Zimbabwe'],m,Ultra-Contemporary,Sculpture,https://artfacts.net/artist/moffat-takadiwa/421176,"Top 10,000"
1002144,Alvers Tamasala,Alvers,Tamasala,,,,,,,,,https://artfacts.net/artist/alvers-tamasala/1002144,"Top 100,000"
1002072,Armodio Tamayo,Armodio,Tamayo,,,,,,,,,https://artfacts.net/artist/armodio-tamayo/1002072,"Top 100,000"
222264,Maria Taniguchi,Maria,Taniguchi,1981.0,,,,['Philippines'],f,Ultra-Contemporary,"Time Based Media, Sculpture, Painting, Object, Architecture, Drawings, Installation Art, Works on Paper",https://artfacts.net/artist/maria-taniguchi/222264,"Top 10,000"
592059,Evelyn Taocheng Wang,Evelyn,Taocheng Wang,1981.0,Chengdu (CN),,,China,f,Ultra-Contemporary,"Painting, Works on Paper, Video, Installation Art, Performance/Happening, Calligraphy, Fashion Design, Ink Painting",https://artfacts.net/artist/evelyn-taocheng-wang/592059,"Top 10,000"
816056,David Soin Tappeser,David Soin,Tappeser,1985.0,Bonn,,,Germany,m,Ultra-Contemporary,,https://artfacts.net/artist/david-soin-tappeser/816056,"Top 10,000"
599226,Joel Patrick Tatcheda Yonkeu,Joel Patrick,Tatcheda Yonkeu,1985.0,,,,Cameroon,m,Ultra-Contemporary,,https://artfacts.net/artist/joel-patrick-tatcheda-yonkeu/599226,"Top 10,000"
387273,Jason deCaires Taylor,Jason deCaires,Taylor,1974.0,,,,United Kingdom,m,Contemporary,,https://artfacts.net/artist/jason-decaires-taylor/387273,"Top 10,000"
60341,Lucy Tejada,Lucy,Tejada,1920.0,,2011.0,,Colombia,f,Post-War,,https://artfacts.net/artist/lucy-tejada/60341,"Top 10,000"
285858,Mariana Telleria,Mariana,Telleria,1979.0,,,,Argentina,f,Ultra-Contemporary,,https://artfacts.net/artist/mariana-telleria/285858,"Top 10,000"
1002088,Ernst Wilhelm Tempel,Ernst Wilhelm,Tempel,1821.0,"Niedercunnersdorf, Kottmar",1889.0,"Arcetri, Italy",Germany,m,Impressionists and Post-Impressionistis,Scientist,https://artfacts.net/artist/ernst-wilhelm-tempel/1002088,"Top 100,000"
413974,Giorgio Tentolini,Giorgio,Tentolini,1978.0,,,,Italy,m,Ultra-Contemporary,Photography,https://artfacts.net/artist/giorgio-tentolini/413974,"Top 10,000"
231339,Günes Terkol,Günes,Terkol,1981.0,Ankara (TR),,,Turkey,f,Ultra-Contemporary,Textile Art/Fiber Art,https://artfacts.net/artist/guenes-terkol/231339,"Top 10,000"
125965,Eduardo Terrazas,Eduardo,Terrazas,1936.0,,,,Mexico,m,Post-War,"Works on Paper, Installation Art",https://artfacts.net/artist/eduardo-terrazas/125965,"Top 10,000"
19839,Clorindo Testa,Clorindo,Testa,1923.0,Napoli (IT),2013.0,Buenos Aires (AR),"['Italy', 'Argentina']",m,Post-War,"Painting, Architecture",https://artfacts.net/artist/clorindo-testa/19839,"Top 10,000"
1002099,The2vvo,,The2vvo,,,,,,,,,https://artfacts.net/artist/the2vvo/1002099,"Top 100,000"
324853,Yerbolat Tolepbay,Yerbolat,Tolepbay,1955.0,Lenger,,,Kazakhstan,m,Contemporary,,https://artfacts.net/artist/yerbolat-tolepbay/324853,"Top 100,000"
251068,Salman Toor,Salman,Toor,1983.0,Lahore (PK),,,Pakistan,m,Ultra-Contemporary,Painting,https://artfacts.net/artist/salman-toor/251068,"Top 10,000"
916282,Lilia Topouzova,Lilia,Topouzova,,,,,,f,,"Film, Film Director",https://artfacts.net/artist/lilia-topouzova/916282,"Top 10,000"
624573,Frieda Toranzo Jaeger,Frieda,Toranzo Jaeger,1988.0,,,,Mexico,f,Ultra-Contemporary,"Painting, Sculpture, Mixed Media",https://artfacts.net/artist/frieda-toranzo-jaeger/624573,"Top 10,000"
82873,Horacio Torres,Horacio,Torres,1924.0,,1976.0,,Uruguay,m,Post-War,Painting,https://artfacts.net/artist/horacio-torres/82873,"Top 10,000"
39840,Joaquín Torres-García,Joaquín,Torres-García,1874.0,Montevideo (UY),1949.0,Montevideo (UY),Uruguay,m,Impressionists and Post-Impressionistis,"Painting, Works on Paper",https://artfacts.net/artist/joaquin-torres-garcia/39840,"Top 10,000"
711095,Bouba Toure,Bouba,Toure,,,,,,,,,https://artfacts.net/artist/bouba-toure/711095,"Top 10,000"
13660,Mario Tozzi,Mario,Tozzi,1895.0,"Fossombrone, PS (IT)",1979.0,"Saint-Jean-du-Gard, LR (FR)",Italy,m,Modern,Painting,https://artfacts.net/artist/mario-tozzi/13660,"Top 10,000"
72679,Freddy Tsimba,Freddy,Tsimba,1967.0,Kinshasa (CD),,,Democratic Republic of the Congo,m,Contemporary,,https://artfacts.net/artist/freddy-tsimba/72679,"Top 10,000"
8749,Fatimah Tuggar,Fatimah,Tuggar,1967.0,Kaduna (NG),,,Nigeria,f,Contemporary,Photography,https://artfacts.net/artist/fatimah-tuggar/8749,"Top 10,000"
1002102,Suelin Low Chew Tung,Suelin Low Chew,Tung,,,,,Grenada,f,,,https://artfacts.net/artist/suelin-low-chew-tung/1002102,"Top 100,000"
93201,Twins Seven Seven,,Twins Seven Seven,1944.0,Ogidi Ikimu (NG),2011.0,,Nigeria,m,Post-War,"Painting, Sculpture",https://artfacts.net/artist/twins-seven-seven/93201,"Top 10,000"
598007,Ahmed Umar,Ahmed,Umar,1988.0,,,,Sudan,m,Ultra-Contemporary,,https://artfacts.net/artist/ahmed-umar/598007,"Top 10,000"
483160,Tesfaye Urgessa,Tesfaye,Urgessa,1983.0,Addis Ababa (ET),,,Ethiopia,m,Ultra-Contemporary,Painting,https://artfacts.net/artist/tesfaye-urgessa/483160,"Top 10,000"
281556,Lorgio Vaca,Lorgio,Vaca,1930.0,Santa Cruz (BO),,,Bolivia,m,Post-War,Painting,https://artfacts.net/artist/lorgio-vaca/281556,"Top 100,000"
1002094,Jafar Vahedi,Jafar,Vahedi,,,,,,m,,,https://artfacts.net/artist/jafar-vahedi/1002094,"Top 100,000"
1002058,María Aranís Valdivia,María Aranís,Valdivia,,,,,,,,,https://artfacts.net/artist/maria-aranis-valdivia/1002058,"Top 100,000"
49903,Rubem Valentim,Rubem,Valentim,1922.0,"Salvador, BA (BR)",1991.0,"São Paulo, SP (BR)",Brazil,m,Post-War,"Painting, Sculpture",https://artfacts.net/artist/rubem-valentim/49903,"Top 10,000"
572291,Anton Varga,Anton,Varga,1989.0,Uzhorod,,,Ukraine,m,Ultra-Contemporary,,https://artfacts.net/artist/anton-varga/572291,"Top 10,000"
47940,Humberto Velez,Humberto,Velez,1965.0,City of Panamá (PA),,,Panama,m,Contemporary,,https://artfacts.net/artist/humberto-velez/47940,"Top 10,000"
1002063,Celia Leyton Vidal,Celia Leyton,Vidal,,,,,,f,,,https://artfacts.net/artist/celia-leyton-vidal/1002063,"Top 100,000"
1002073,Edoardo Daniele Villa,Edoardo Daniele,Villa,,,,,,m,,,https://artfacts.net/artist/edoardo-daniele-villa/1002073,"Top 100,000"
52667,Eliseu Visconti,Eliseu,Visconti,1866.0,"Giffoni Valle Piana, SA (IT)",1944.0,"Rio de Janeiro, RJ (BR)",Brazil,m,Impressionists and Post-Impressionistis,Painting,https://artfacts.net/artist/eliseu-visconti/52667,"Top 10,000"
1002100,Rex and Edna Volcan,Rex and Edna,Volcan,,,,,[],m,,,https://artfacts.net/artist/rex-and-edna-volcan/1002100,"Top 100,000"
33158,Alfredo Volpi,Alfredo,Volpi,1896.0,Lucca (IT),1988.0,São Paulo (BR),Brazil,m,Modern,Painting,https://artfacts.net/artist/alfredo-volpi/33158,"Top 10,000"
19465,Kay WalkingStick,Kay,WalkingStick,1935.0,"Syracuse, NY (US)",,,United States,f,Post-War,Painting,https://artfacts.net/artist/kay-walkingstick/19465,"Top 10,000"
811127,Jenni-Juulia Wallinheimo-Heimonen,Jenni-Juulia,Wallinheimo-Heimonen,1974.0,,,,Finland,f,Contemporary,,https://artfacts.net/artist/jenni-juulia-wallinheimo-heimonen/811127,"Top 10,000"
456893,Eimear Walshe,Eimear,Walshe,,Longford,,,Ireland (Republic),n,,,https://artfacts.net/artist/eimear-walshe/456893,"Top 10,000"
712746,Wang Shaoqiang,,Wang Shaoqiang,1969.0,"Shantou, Guangdong",,,China,,Contemporary,,https://artfacts.net/artist/wang-shaoqiang/712746,"Top 10,000"
263023,Wang Zhenghong,,Wang Zhenghong,,,,,,,,,https://artfacts.net/artist/wang-zhenghong/263023,"Top 10,000"
730996,WangShui,,WangShui,1986.0,,,,United States,n,Ultra-Contemporary,"Painting, Time-Based Media, Installation Art, Architecture",https://artfacts.net/artist/wangshui/730996,"Top 10,000"
938142,Gustavo Caboco Wapichana,Gustavo Caboco,Wapichana,,,,,,m,,,https://artfacts.net/artist/gustavo-caboco-wapichana/938142,"Top 10,000"
677184,Agnes Waruguru Njoroge,Agnes,Waruguru Njoroge,1994.0,,,,Kenya,f,Ultra-Contemporary,,https://artfacts.net/artist/agnes-waruguru-njoroge/677184,"Top 10,000"
73530,Osmond Watson,Osmond,Watson,,,,,,,,,https://artfacts.net/artist/osmond-watson/73530,"Top 100,000"
112039,Barrington Watson,Barrington,Watson,1931.0,,,,Jamaica,m,Post-War,Painting,https://artfacts.net/artist/barrington-watson/112039,"Top 10,000"
10662,Susanne Wenger,Susanne,Wenger,1915.0,Graz (AT),2009.0,"Oshogbo, Osun (NG)","['Austria', 'Nigeria']",f,Post-War,"Painting, Sculpture",https://artfacts.net/artist/susanne-wenger/10662,"Top 10,000"
372314,James Wentzy,James,Wentzy,,,,,,m,,,https://artfacts.net/artist/james-wentzy/372314,"Top 10,000"
37069,Emmi Whitehorse,Emmi,Whitehorse,1957.0,"Crownpoint, NM (US)",,,United States,f,Contemporary,,https://artfacts.net/artist/emmi-whitehorse/37069,"Top 10,000"
188347,Selwyn Wilson,Selwyn,Wilson,,,,,,m,,,https://artfacts.net/artist/selwyn-wilson/188347,"Top 100,000"
1002074,Chang Woosoung,Chang,Woosoung,,,,,,,,,https://artfacts.net/artist/chang-woosoung/1002074,"Top 100,000"
441267,Celeste Woss y Gil,Celeste,Woss y Gil,1890.0,,1985.0,,Dominican Republic,f,Modern,,https://artfacts.net/artist/celeste-woss-y-gil/441267,"Top 10,000"
72645,Guy Woueté,Guy,Woueté,1980.0,Douala (CM),,,Cameroon,m,Ultra-Contemporary,,https://artfacts.net/artist/guy-wouete/72645,"Top 10,000"
610218,Xiyadie,,Xiyadie,1963.0,,,,China,m,Contemporary,Works on Paper,https://artfacts.net/artist/xiyadie/610218,"Top 10,000"
881332,Rember Yahuarcani,Rember,Yahuarcani,1985.0,Uitoto Nation,,,South Africa,,Ultra-Contemporary,,https://artfacts.net/artist/rember-yahuarcani/881332,"Top 10,000"
703811,Santiago Yahuarcani,Santiago,Yahuarcani,1960.0,,,,,m,Contemporary,,https://artfacts.net/artist/santiago-yahuarcani/703811,"Top 10,000"
169668,Nil Yalter,Nil,Yalter,1938.0,Cairo (EG),,,Egypt,f,Post-War,Time-Based Media,https://artfacts.net/artist/nil-yalter/169668,"Top 1,000"
1002076,André Taniki Yanomami,André Taniki,Yanomami,,,,,,m,,,https://artfacts.net/artist/andre-taniki-yanomami/1002076,"Top 100,000"
34906,Joseca Yanomami,Joseca,Yanomami,1971.0,"Uxi u, Catrimani, Amazonie (BR)",,,Brazil,,Contemporary,,https://artfacts.net/artist/joseca-yanomami/34906,"Top 10,000"
1002097,Liu Youju,Liu,Youju,,,,,[],,Contemporary,,https://artfacts.net/artist/liu-youju/1002097,"Top 10,000"
136098,Ramses Younan,Ramses,Younan,1913.0,,1966.0,,Egypt,,Post-War,,https://artfacts.net/artist/ramses-younan/136098,"Top 10,000"
670577,Yêdamaria,,Yêdamaria,1932.0,Salvador,2016.0,,Brazil,f,Post-War,,https://artfacts.net/artist/yedamaria/670577,"Top 10,000"
55394,Fahrelnissa Zeid,Fahrelnissa,Zeid,1901.0,Istanbul (TR),1991.0,Amman (JO),Turkey,f,Modern,"Painting, Works on Paper, Stained glass",https://artfacts.net/artist/fahrelnissa-zeid/55394,"Top 10,000"
1002125,Ana Simona Zelenović,Ana Simona,Zelenović,,,,,,f,,,https://artfacts.net/artist/ana-simona-zelenovic/1002125,"Top 100,000"
615066,Juliette Zelime,Juliette,Zelime,,,,,Seychelles,f,,,https://artfacts.net/artist/juliette-zelime/615066,"Top 10,000"
55056,Anna Zemankova,Anna,Zemankova,1908.0,,1986.0,,Czech Republic,f,Modern,"Works on Paper, Drawings",https://artfacts.net/artist/anna-zemankova/55056,"Top 10,000"
233130,Zhao Renhui,,Zhao Renhui,1983.0,(SG),,,Singapore,m,Ultra-Contemporary,Photography,https://artfacts.net/artist/zhao-renhui/233130,"Top 10,000"
5640,Zhu Jinshi,,Zhu Jinshi,1954.0,Beijing (CN),,,China,m,Contemporary,"Painting, Installation Art",https://artfacts.net/artist/zhu-jinshi/5640,"Top 10,000"
515757,Amanda Ziemele,Amanda,Ziemele,1990.0,,,,Latvia,f,Ultra-Contemporary,,https://artfacts.net/artist/amanda-ziemele/515757,"Top 10,000"
62021,Zelimir Zilnik,Zelimir,Zilnik,1942.0,Nis (CS),,,"['Montenegro', 'Serbia']",,Post-War,,https://artfacts.net/artist/zelimir-zilnik/62021,"Top 10,000"
175988,Bibi Zoghbi,Bibi,Zoghbi,1890.0,,1975.0,,,f,Modern,,https://artfacts.net/artist/bibi-zoghbi/175988,"Top 10,000"
71375,Djanira da Mota e Silva,Djanira,da Mota e Silva,1914.0,"Avaré, SP (BR)",1979.0,"Rio de Janeiro, RJ (BR)",Brazil,f,Post-War,Painting,https://artfacts.net/artist/djanira-da-mota-e-silva/71375,"Top 10,000"
1002059,Sàngódáre Gbádégesin Àjàlá,Sàngódáre Gbádégesin,Àjàlá,1948.0,,2021.0,,Niger,,Contemporary,,https://artfacts.net/artist/sangodare-gbadegesin-ajala/1002059,"Top 100,000"
282048,Pinar Ögrenci,Pinar,Ögrenci,,,,,['Turkey'],f,,,https://artfacts.net/artist/pinar-oegrenci/282048,"Top 10,000"